This is LuaHBTeX, Version 1.18.0 (TeX Live 2024)  (format=lualatex 2025.3.10)  6 SEP 2026 21:32
 system commands enabled.
**main.tex
(./main.tex
LaTeX2e <2024-11-01> patch level 2
L3 programming layer <2025-01-18>
Lua module: luaotfload 2024-12-03 v3.29 Lua based OpenType font support
Lua module: lualibs 2023-07-13 v2.76 ConTeXt Lua standard libraries.
Lua module: lualibs-extended 2023-07-13 v2.76 ConTeXt Lua libraries -- extended 
collection.
luaotfload | conf : Root cache directory is "/usr/local/texlive/2024/texmf-var/l
uatex-cache/generic/names".
luaotfload | init : Loading fontloader "fontloader-2023-12-28.lua" from kpse-res
olved path "/usr/local/texlive/2024/texmf-dist/tex/luatex/luaotfload/fontloader-
2023-12-28.lua".
Lua-only attribute luaotfload@noligature = 1
luaotfload | init : Context OpenType loader version 3.134
Inserting `luaotfload.node_processor' in `pre_linebreak_filter'.
Inserting `luaotfload.node_processor' in `hpack_filter'.
Inserting `luaotfload.glyph_stream' in `glyph_stream_provider'.
Inserting `luaotfload.define_font' in `define_font'.
Lua-only attribute luaotfload_color_attribute = 2
luaotfload | conf : Root cache directory is "/usr/local/texlive/2024/texmf-var/l
uatex-cache/generic/names".
Inserting `luaotfload.harf.strip_prefix' in `find_opentype_file'.
Inserting `luaotfload.harf.strip_prefix' in `find_truetype_file'.
Removing  `luaotfload.glyph_stream' from `glyph_stream_provider'.
Inserting `luaotfload.harf.glyphstream' in `glyph_stream_provider'.
Inserting `luaotfload.harf.finalize_vlist' in `post_linebreak_filter'.
Inserting `luaotfload.harf.finalize_hlist' in `hpack_filter'.
Inserting `luaotfload.cleanup_files' in `wrapup_run'.
Inserting `luaotfload.harf.finalize_unicode' in `finish_pdffile'.
Inserting `luaotfload.glyphinfo' in `glyph_info'.
Lua-only attribute luaotfload.letterspace_done = 3
Inserting `luaotfload.aux.set_sscale_dimens' in `luaotfload.patch_font'.
Inserting `luaotfload.aux.set_font_index' in `luaotfload.patch_font'.
Inserting `luaotfload.aux.patch_cambria_domh' in `luaotfload.patch_font'.
Inserting `luaotfload.aux.fixup_fontdata' in `luaotfload.patch_font_unsafe'.
Inserting `luaotfload.aux.set_capheight' in `luaotfload.patch_font'.
Inserting `luaotfload.aux.set_xheight' in `luaotfload.patch_font'.
Inserting `luaotfload.rewrite_fontname' in `luaotfload.patch_font'.
Inserting `tracingstacklevels' in `input_level_string'.
(/usr/local/texlive/2024/texmf-dist/tex/latex/latex-lab/documentmetadata-suppor
t.ltx
(/usr/local/texlive/2024/texmf-dist/tex/latex/pdfmanagement-testphase/pdfmanage
ment-testphase.sty
Package: pdfmanagement-testphase 2025-02-15 v0.96p LaTeX PDF management testpha
se bundle

(/usr/local/texlive/2024/texmf-dist/tex/latex/tagpdf/tagpdf-base.sty
Package: tagpdf-base 2025-03-05 v0.99o part of tagpdf - provide base, no-op ver
sions of the user commands 
\c@g__tag_MCID_abs_int=\count194
\c@g__tag_struct_abs_int=\count195
)
(/usr/local/texlive/2024/texmf-dist/tex/latex/pdfmanagement-testphase/pdfmanage
ment-testphase.ltx
File: pdfmanagement-testphase.ltx 2025-02-15 v0.96p PDF management code (testph
ase)
\g__pdfmanagement_EmbeddedFiles_int=\count196
\l__pdfmeta_xmp_indent_int=\count197
\g_pdffile_embed_pdfa_int=\count198
\g_pdffile_embed_nonpdfa_int=\count199
)))
(/usr/local/texlive/2024/texmf-dist/tex/latex/l3backend/l3backend-luatex.def
File: l3backend-luatex.def 2024-05-08 L3 backend support: PDF output (LuaTeX)
\l__color_backend_stack_int=\count266
Inserting `l3color' in `luaotfload.parse_color'.
Inserting `l3opacity' in `luaotfload.parse_transparent'.
\l__pdf_internal_box=\box52
)
(/usr/local/texlive/2024/texmf-dist/tex/latex/pdfmanagement-testphase/l3backend
-testphase-luatex.def
File: l3backend-testphase-luatex.def 2025-02-15 LaTeX PDF management testphase 
bundle backend support:PDFoutput(LuaTeX)
\l__pdf_backend_tmpa_box=\box53
\l__pdf_backend_tmpb_box=\box54
\g__pdf_backend_resourceid_int=\count267
\g__pdf_backend_name_int=\count268
\g__pdf_backend_page_int=\count269
)
(/usr/local/texlive/2024/texmf-dist/tex/latex/pdfmanagement-testphase/pdfmanage
ment-firstaid.sty
Package: pdfmanagement-firstaid 2025-02-15 v0.96p LaTeX PDF management testphas
e bundle / firstaid-patches

Package pdfmanagement Info: loading pdfmanagement firstaid code for pgf

) (./preamble/pdfA-compliance/glyphtounicode.tex
(/usr/local/texlive/2024/texmf-dist/tex/generic/iftex/iftex.sty
Package: iftex 2024/12/12 v1.0g TeX engine tests
)
(/usr/local/texlive/2024/texmf-dist/tex/generic/luatex85/luatex85.sty
Package: luatex85 2016/06/15 v1.4 pdftex aliases for luatex
)
(/usr/local/texlive/2024/texmf-dist/tex/generic/pdftex/glyphtounicode.tex)
(/usr/local/texlive/2024/texmf-dist/tex/latex/pdfx/glyphtounicode-cmr.tex))
(/usr/local/texlive/2024/texmf-dist/tex/latex/base/report.cls
Document Class: report 2024/06/29 v1.4n Standard LaTeX document class
(/usr/local/texlive/2024/texmf-dist/tex/latex/base/size12.clo
File: size12.clo 2024/06/29 v1.4n Standard LaTeX file (size option)
luaotfload | db : Font names database loaded from /usr/local/texlive/2024/texmf-
var/luatex-cache/generic/names/luaotfload-names.luc.gz)
\c@part=\count270
\c@chapter=\count271
\c@section=\count272
\c@subsection=\count273
\c@subsubsection=\count274
\c@paragraph=\count275
\c@subparagraph=\count276
\c@figure=\count277
\c@table=\count278
\abovecaptionskip=\skip49
\belowcaptionskip=\skip50
\bibindent=\dimen140
)
(./preamble/toggles.tex) (./preamble/main.tex (./preamble/data.tex)
(./preamble/debug/commands.tex
(/usr/local/texlive/2024/texmf-dist/tex/latex/censor/censor.sty
Package: censor 2023/06/05\ 4.3\ Provides capability for redaction of sensitive
 information

(/usr/local/texlive/2024/texmf-dist/tex/latex/pbox/pbox.sty
Package: pbox 2011/12/07 v1.2 Dynamic parboxes

(/usr/local/texlive/2024/texmf-dist/tex/latex/tools/calc.sty
Package: calc 2023/07/08 v4.3 Infix arithmetic (KKT,FJ)
\calc@Acount=\count279
\calc@Bcount=\count280
\calc@Adimen=\dimen141
\calc@Bdimen=\dimen142
\calc@Askip=\skip51
\calc@Bskip=\skip52
LaTeX Info: Redefining \setlength on input line 80.
LaTeX Info: Redefining \addtolength on input line 81.
\calc@Ccount=\count281
\calc@Cskip=\skip53
)
(/usr/local/texlive/2024/texmf-dist/tex/latex/base/ifthen.sty
Package: ifthen 2024/03/16 v1.1e Standard LaTeX ifthen package (DPC)
)
\pb@xlen=\skip54
)
\censorruledepth=\skip55
\censorruleheight=\skip56

(/usr/local/texlive/2024/texmf-dist/tex/generic/tokcycle/tokcycle.sty
(/usr/local/texlive/2024/texmf-dist/tex/generic/tokcycle/tokcycle.tex
\tc@tok=\toks17
\tcdepth=\count282
\cytoks=\toks18
)
Package: tokcycle 2021/08/25 V1.42 Cycle through and transform a stream of toke
ns
)))
(./preamble/debug/line-numbers.tex
(/usr/local/texlive/2024/texmf-dist/tex/latex/lineno/lineno.sty
Package: lineno 2025/01/29 line numbers on paragraphs v5.4

(/usr/local/texlive/2024/texmf-dist/tex/latex/etoolbox/etoolbox.sty
Package: etoolbox 2025/02/11 v2.5l e-TeX tools for LaTeX (JAW)
\etb@tempcnta=\count283
)
(/usr/local/texlive/2024/texmf-dist/tex/latex/kvoptions/kvoptions.sty
Package: kvoptions 2022-06-15 v3.15 Key value format for package options (HO)

(/usr/local/texlive/2024/texmf-dist/tex/latex/graphics/keyval.sty
Package: keyval 2022/05/29 v1.15 key=value parser (DPC)
\KV@toks@=\toks19
)
(/usr/local/texlive/2024/texmf-dist/tex/generic/ltxcmds/ltxcmds.sty
Package: ltxcmds 2023-12-04 v1.26 LaTeX kernel commands for general use (HO)
)
(/usr/local/texlive/2024/texmf-dist/tex/latex/kvsetkeys/kvsetkeys.sty
Package: kvsetkeys 2022-10-05 v1.19 Key value parser (HO)
))
\linenopenalty=\count284
\output=\toks20
\linenoprevgraf=\count285
\linenumbersep=\dimen143
\linenumberwidth=\dimen144
\c@linenumber=\count286
\c@pagewiselinenumber=\count287
\c@LN@truepage=\count288
\c@internallinenumber=\count289
\c@internallinenumbers=\count290
\quotelinenumbersep=\dimen145
\bframerule=\dimen146
\bframesep=\dimen147
\bframebox=\box55
LaTeX Info: Redefining \\ on input line 3187.
))
(./preamble/debug/silence.tex
(/usr/local/texlive/2024/texmf-dist/tex/latex/silence/silence.sty
Package: silence 2012/07/02 v1.5b Selective filtering of warnings and error mes
sages
\sl@Save=\count291
\sl@StateNumber=\count292
\sl@MessageCount=\count293
\sl@Casualties=\count294
\sl@Filter=\toks21
\sl@Message=\toks22
\sl@UnexpandedMessage=\toks23
\sl@Mess@ge=\toks24
\sl@WarningCount=\count295
\sl@WarningNumber=\count296
\sl@WarningCasualties=\count297
\sl@TempBOW=\toks25
\sl@BankOfWarnings=\toks26
LaTeX Info: Redefining \GenericWarning on input line 433.
\sl@ErrorCount=\count298
\sl@ErrorNumber=\count299
\sl@ErrorCasualties=\count300
\sl@TempBOE=\toks27
\sl@BankOfErrors=\toks28
LaTeX Info: Redefining \GenericError on input line 601.
))
(./preamble/general/colors.tex
(/usr/local/texlive/2024/texmf-dist/tex/latex/xcolor/xcolor.sty
Package: xcolor 2024/09/29 v3.02 LaTeX color extensions (UK)

(/usr/local/texlive/2024/texmf-dist/tex/latex/graphics-cfg/color.cfg
File: color.cfg 2016/01/02 v1.6 sample color configuration
)
Package xcolor Info: Driver file: luatex.def on input line 274.

(/usr/local/texlive/2024/texmf-dist/tex/latex/graphics-def/luatex.def
File: luatex.def 2024/04/13 v1.2e Graphics/color driver for luatex
)
(/usr/local/texlive/2024/texmf-dist/tex/latex/graphics/mathcolor.ltx)
Package xcolor Info: Model `cmy' substituted by `cmy0' on input line 1349.
Package xcolor Info: Model `hsb' substituted by `rgb' on input line 1353.
Package xcolor Info: Model `RGB' extended on input line 1365.
Package xcolor Info: Model `HTML' substituted by `rgb' on input line 1367.
Package xcolor Info: Model `Hsb' substituted by `hsb' on input line 1368.
Package xcolor Info: Model `tHsb' substituted by `hsb' on input line 1369.
Package xcolor Info: Model `HSB' substituted by `hsb' on input line 1370.
Package xcolor Info: Model `Gray' substituted by `gray' on input line 1371.
Package xcolor Info: Model `wave' substituted by `hsb' on input line 1372.
)
(/usr/local/texlive/2024/texmf-dist/tex/latex/pdfmanagement-testphase/xcolor-pa
tches-tmp-ltx.sty
Package: xcolor-patches-tmp-ltx 2025-02-15 v0.96p patch xcolor for l3color
)
(/usr/local/texlive/2024/texmf-dist/tex/latex/colortbl/colortbl.sty
Package: colortbl 2024/07/06 v1.0i Color table columns (DPC)

(/usr/local/texlive/2024/texmf-dist/tex/latex/tools/array.sty
Package: array 2024/10/17 v2.6g Tabular extension package (FMi)
\col@sep=\dimen148
\ar@mcellbox=\box56
\extrarowheight=\dimen149
\NC@list=\toks29
\extratabsurround=\skip57
\backup@length=\skip58
\ar@cellbox=\box57
)
\everycr=\toks30
\minrowclearance=\skip59
\rownum=\count301
))
(./preamble/general/typesetting.tex
(/usr/local/texlive/2024/texmf-dist/tex/latex/lm/lmodern.sty
Package: lmodern 2015/05/01 v1.6.1 Latin Modern Fonts
LaTeX Font Info:    Overwriting symbol font `operators' in version `normal'
(Font)                  OT1/cmr/m/n --> OT1/lmr/m/n on input line 22.
LaTeX Font Info:    Overwriting symbol font `letters' in version `normal'
(Font)                  OML/cmm/m/it --> OML/lmm/m/it on input line 23.
LaTeX Font Info:    Overwriting symbol font `symbols' in version `normal'
(Font)                  OMS/cmsy/m/n --> OMS/lmsy/m/n on input line 24.
LaTeX Font Info:    Overwriting symbol font `largesymbols' in version `normal'
(Font)                  OMX/cmex/m/n --> OMX/lmex/m/n on input line 25.
LaTeX Font Info:    Overwriting symbol font `operators' in version `bold'
(Font)                  OT1/cmr/bx/n --> OT1/lmr/bx/n on input line 26.
LaTeX Font Info:    Overwriting symbol font `letters' in version `bold'
(Font)                  OML/cmm/b/it --> OML/lmm/b/it on input line 27.
LaTeX Font Info:    Overwriting symbol font `symbols' in version `bold'
(Font)                  OMS/cmsy/b/n --> OMS/lmsy/b/n on input line 28.
LaTeX Font Info:    Overwriting symbol font `largesymbols' in version `bold'
(Font)                  OMX/cmex/m/n --> OMX/lmex/m/n on input line 29.
LaTeX Font Info:    Overwriting math alphabet `\mathbf' in version `normal'
(Font)                  OT1/cmr/bx/n --> OT1/lmr/bx/n on input line 31.
LaTeX Font Info:    Overwriting math alphabet `\mathsf' in version `normal'
(Font)                  OT1/cmss/m/n --> OT1/lmss/m/n on input line 32.
LaTeX Font Info:    Overwriting math alphabet `\mathit' in version `normal'
(Font)                  OT1/cmr/m/it --> OT1/lmr/m/it on input line 33.
LaTeX Font Info:    Overwriting math alphabet `\mathtt' in version `normal'
(Font)                  OT1/cmtt/m/n --> OT1/lmtt/m/n on input line 34.
LaTeX Font Info:    Overwriting math alphabet `\mathbf' in version `bold'
(Font)                  OT1/cmr/bx/n --> OT1/lmr/bx/n on input line 35.
LaTeX Font Info:    Overwriting math alphabet `\mathsf' in version `bold'
(Font)                  OT1/cmss/bx/n --> OT1/lmss/bx/n on input line 36.
LaTeX Font Info:    Overwriting math alphabet `\mathit' in version `bold'
(Font)                  OT1/cmr/bx/it --> OT1/lmr/bx/it on input line 37.
LaTeX Font Info:    Overwriting math alphabet `\mathtt' in version `bold'
(Font)                  OT1/cmtt/m/n --> OT1/lmtt/m/n on input line 38.
)
(/usr/local/texlive/2024/texmf-dist/tex/latex/romanbar/romanbar.sty
Package: romanbar 2025-01-28 v1.0g Roman numbers with bars (HMM)

(/usr/local/texlive/2024/texmf-dist/tex/latex/adjustbox/trimclip.sty
Package: trimclip 2025/02/21 v1.2a Trim and clip general TeX material

(/usr/local/texlive/2024/texmf-dist/tex/latex/graphics/graphicx.sty
Package: graphicx 2021/09/16 v1.2d Enhanced LaTeX Graphics (DPC,SPQR)

(/usr/local/texlive/2024/texmf-dist/tex/latex/graphics/graphics.sty
Package: graphics 2024/08/06 v1.4g Standard LaTeX Graphics (DPC,SPQR)

(/usr/local/texlive/2024/texmf-dist/tex/latex/graphics/trig.sty
Package: trig 2023/12/02 v1.11 sin cos tan (DPC)
)
(/usr/local/texlive/2024/texmf-dist/tex/latex/graphics-cfg/graphics.cfg
File: graphics.cfg 2016/06/04 v1.11 sample graphics configuration
)
Package graphics Info: Driver file: luatex.def on input line 106.
)
\Gin@req@height=\dimen150
\Gin@req@width=\dimen151
)
(/usr/local/texlive/2024/texmf-dist/tex/latex/collectbox/collectbox.sty
Package: collectbox 2022/10/17 v0.4c Collect macro arguments as boxes
\collectedbox=\box58
)
(/usr/local/texlive/2024/texmf-dist/tex/latex/adjustbox/adjcalc.sty
Package: adjcalc 2012/05/16 v1.1 Provides advanced setlength with multiple back
-ends (calc, etex, pgfmath)

(/usr/local/texlive/2024/texmf-dist/tex/latex/xkeyval/xkeyval.sty
Package: xkeyval 2022/06/16 v2.9 package option processing (HA)

(/usr/local/texlive/2024/texmf-dist/tex/generic/xkeyval/xkeyval.tex
(/usr/local/texlive/2024/texmf-dist/tex/generic/xkeyval/xkvutils.tex
\XKV@toks=\toks31
\XKV@tempa@toks=\toks32
)
\XKV@depth=\count302
File: xkeyval.tex 2014/12/03 v2.7a key=value parser (HA)
)))
\tc@llx=\dimen152
\tc@lly=\dimen153
\tc@urx=\dimen154
\tc@ury=\dimen155
Package trimclip Info: Using driver 'tc-luatex.def'.

(/usr/local/texlive/2024/texmf-dist/tex/latex/adjustbox/tc-luatex.def
File: tc-luatex.def 2025/02/26 v1.1 Clipping driver for luatex

(/usr/local/texlive/2024/texmf-dist/tex/latex/adjustbox/tc-pdftex.def
File: tc-pdftex.def 2025/02/26 v2.3 Clipping driver for pdftex
)))
\c@romanbarcount=\count303
\romanbardimH=\dimen156
\romanbardimD=\dimen157
\romanbardimW=\dimen158
)
(/usr/local/texlive/2024/texmf-dist/tex/latex/microtype/microtype.sty
Package: microtype 2025/02/11 v3.2a Micro-typographical refinements (RS)
\MT@toks=\toks33
\MT@tempbox=\box59
\MT@count=\count304
LaTeX Info: Redefining \noprotrusionifhmode on input line 1087.
LaTeX Info: Redefining \leftprotrusion on input line 1088.
\MT@prot@toks=\toks34
LaTeX Info: Redefining \rightprotrusion on input line 1107.
LaTeX Info: Redefining \textls on input line 1449.
\MT@outer@kern=\dimen159
LaTeX Info: Redefining \microtypecontext on input line 2053.
LaTeX Info: Redefining \textmicrotypecontext on input line 2070.
\MT@listname@count=\count305

(/usr/local/texlive/2024/texmf-dist/tex/latex/microtype/microtype-luatex.def
File: microtype-luatex.def 2025/02/11 v3.2a Definitions specific to luatex (RS)

Lua module: microtype 2025/02/11 v3.2a microtype module.
Module microtype Info: overwriting function `keepligature' on input line 63
LaTeX Info: Redefining \lsstyle on input line 779.
LaTeX Info: Redefining \lslig on input line 779.
\MT@outer@space=\skip60
)
Package microtype Info: Loading configuration file microtype.cfg.

(/usr/local/texlive/2024/texmf-dist/tex/latex/microtype/microtype.cfg
File: microtype.cfg 2025/02/11 v3.2a microtype main configuration file (RS)
)
LaTeX Info: Redefining \microtypesetup on input line 3065.
)
(/usr/local/texlive/2024/texmf-dist/tex/latex/parskip/parskip.sty
Package: parskip 2021-03-14 v2.0h non-zero parskip adjustments
)
(/usr/local/texlive/2024/texmf-dist/tex/latex/csquotes/csquotes.sty
Package: csquotes 2024-04-04 v5.2o context-sensitive quotations (JAW)
\csq@reset=\count306
\csq@gtype=\count307
\csq@glevel=\count308
\csq@qlevel=\count309
\csq@maxlvl=\count310
\csq@tshold=\count311
\csq@ltx@everypar=\toks35

(/usr/local/texlive/2024/texmf-dist/tex/latex/csquotes/csquotes.def
File: csquotes.def 2024-04-04 v5.2o csquotes generic definitions (JAW)
)
Package csquotes Info: Trying to load configuration file 'csquotes.cfg'...
Package csquotes Info: ... configuration file loaded successfully.

(/usr/local/texlive/2024/texmf-dist/tex/latex/csquotes/csquotes.cfg
File: csquotes.cfg 
))
(/usr/local/texlive/2024/texmf-dist/tex/latex/enumitem/enumitem.sty
Package: enumitem 2025/02/06 v3.11 Customized lists
\labelindent=\skip61
\enit@outerparindent=\dimen160
\enit@toks=\toks36
\enit@inbox=\box60
\enit@count@id=\count312
\enitdp@description=\count313
)
\c@compactenumi=\count314
\c@compactenumii=\count315
\c@compactenumiii=\count316
\c@compactenumiv=\count317
\enitdp@compactenum=\count318
\c@inparaenumi=\count319
\enitdp@compactitem=\count320
)
(./preamble/general/floats.tex
(/usr/local/texlive/2024/texmf-dist/tex/latex/adjustbox/adjustbox.sty
Package: adjustbox 2025/02/26 v1.3c Adjusting TeX boxes (trim, clip, ...)
\adjbox@Width=\dimen161
\adjbox@Height=\dimen162
\adjbox@Depth=\dimen163
\adjbox@Totalheight=\dimen164
\adjbox@pwidth=\dimen165
\adjbox@pheight=\dimen166
\adjbox@pdepth=\dimen167
\adjbox@ptotalheight=\dimen168

(/usr/local/texlive/2024/texmf-dist/tex/latex/ifoddpage/ifoddpage.sty
Package: ifoddpage 2022/10/18 v1.2 Conditionals for odd/even page detection
\c@checkoddpage=\count321
)
(/usr/local/texlive/2024/texmf-dist/tex/latex/varwidth/varwidth.sty
Package: varwidth 2009/03/30 ver 0.92;  Variable-width minipages
\@vwid@box=\box61
\sift@deathcycles=\count322
\@vwid@loff=\dimen169
\@vwid@roff=\dimen170
))
(/usr/local/texlive/2024/texmf-dist/tex/latex/booktabs/booktabs.sty
Package: booktabs 2020/01/12 v1.61803398 Publication quality tables
\heavyrulewidth=\dimen171
\lightrulewidth=\dimen172
\cmidrulewidth=\dimen173
\belowrulesep=\dimen174
\belowbottomsep=\dimen175
\aboverulesep=\dimen176
\abovetopsep=\dimen177
\cmidrulesep=\dimen178
\cmidrulekern=\dimen179
\defaultaddspace=\dimen180
\@cmidla=\count323
\@cmidlb=\count324
\@aboverulesep=\dimen181
\@belowrulesep=\dimen182
\@thisruleclass=\count325
\@lastruleclass=\count326
\@thisrulewidth=\dimen183
)
(/usr/local/texlive/2024/texmf-dist/tex/latex/tabularray/tabularray.sty
(/usr/local/texlive/2024/texmf-dist/tex/latex/l3kernel/expl3.sty
Package: expl3 2025-01-18 L3 programming layer (loader) 
)
Package: tabularray 2024-02-16 v2024A Typeset tabulars and arrays with LaTeX3
\l__tblr_a_int=\count327
\l__tblr_c_int=\count328
\l__tblr_r_int=\count329
\l__tblr_d_dim=\dimen184
\l__tblr_h_dim=\dimen185
\l__tblr_o_dim=\dimen186
\l__tblr_p_dim=\dimen187
\l__tblr_q_dim=\dimen188
\l__tblr_r_dim=\dimen189
\l__tblr_s_dim=\dimen190
\l__tblr_t_dim=\dimen191
\l__tblr_v_dim=\dimen192
\l__tblr_w_dim=\dimen193
\l__tblr_a_box=\box62
\l__tblr_b_box=\box63
\l__tblr_c_box=\box64
\l__tblr_d_box=\box65
\g__tblr_table_count_int=\count330
\c@colnum=\count331
\c@rowcount=\count332
\c@colcount=\count333
\abovesep=\dimen194
\belowsep=\dimen195
\leftsep=\dimen196
\rightsep=\dimen197
\g_tblr_level_int=\count334
\g__tblr_data_row_key_count_int=\count335
\g__tblr_data_column_key_count_int=\count336
\g__tblr_data_cell_key_count_int=\count337
\g__tblr_array_int=\count338
\l__tblr_key_count_int=\count339
\l__tblr_key_quotient_int=\count340
\l__tblr_key_quotient_two_int=\count341
\l__tblr_key_remainder_int=\count342
\g__tblr_data_str_value_count_int=\count343
\rulewidth=\dimen198
\l__tblr_strut_dp_dim=\dimen199
\l__tblr_strut_ht_dim=\dimen256
\g__tblr_cell_wd_dim=\dimen257
\g__tblr_cell_ht_dim=\dimen258
\g__tblr_cell_head_dim=\dimen259
\g__tblr_cell_foot_dim=\dimen260
\l__column_target_dim=\dimen261
\l__tblr_caption_box=\box66
\l__tblr_caption_left_box=\box67
\l__tblr_row_head_box=\box68
\l__tblr_row_foot_box=\box69
\l__tblr_row_head_foot_dim=\dimen262
\tablewidth=\dimen263
\l__tblr_table_firsthead_box=\box70
\l__tblr_table_middlehead_box=\box71
\l__tblr_table_lasthead_box=\box72
\l__tblr_table_firstfoot_box=\box73
\l__tblr_table_middlefoot_box=\box74
\l__tblr_table_lastfoot_box=\box75
\l__tblr_remain_height_dim=\dimen264
\l__tblr_long_from_int=\count344
\l__tblr_long_to_int=\count345
\l__tblr_curr_i_int=\count346
\l__tblr_prev_i_int=\count347
\l__tblr_table_page_int=\count348
\l__tblr_table_head_box=\box76
\l__tblr_table_foot_box=\box77
\l__tblr_table_head_foot_dim=\dimen265
\l__tblr_table_head_body_foot_dim=\dimen266
\l__tblr_table_box=\box78
\l__tblr_table_hlines_box=\box79
\l__tblr_hline_box=\box80
\l__tblr_row_box=\box81
\l__tblr_col_o_wd_dim=\dimen267
\l__tblr_col_b_wd_dim=\dimen268
\l__tblr_hline_leftskip_dim=\dimen269
\l__tblr_hline_rightskip_dim=\dimen270
\l__tblr_row_ht_dim=\dimen271
\l__tblr_row_dp_dim=\dimen272
\l__tblr_row_abovesep_dim=\dimen273
\l__tblr_row_belowsep_dim=\dimen274
\l__tblr_row_vlines_box=\box82
\l__tblr_vline_box=\box83
\l__tblr_cell_box=\box84
\l__row_upper_dim=\dimen275
\l__row_lower_dim=\dimen276
\l__row_vpace_dim=\dimen277
\l__tblr_vline_aboveskip_dim=\dimen278
\l__tblr_vline_belowskip_dim=\dimen279
\l__tblr_cell_wd_dim=\dimen280
\l__tblr_cell_ht_dim=\dimen281
\l__tblr_diag_box=\box85
)
(/usr/local/texlive/2024/texmf-dist/tex/latex/codehigh/codehigh.sty
Package: codehigh 2025-02-21 v2025C Highlight codes and demos with l3regex and 
lpeg

(/usr/local/texlive/2024/texmf-dist/tex/generic/catchfile/catchfile.sty
Package: catchfile 2019/12/09 v1.8 Catch the contents of a file (HO)

(/usr/local/texlive/2024/texmf-dist/tex/generic/infwarerr/infwarerr.sty
Package: infwarerr 2019/12/03 v1.5 Providing info/warning/error messages (HO)
)
(/usr/local/texlive/2024/texmf-dist/tex/generic/etexcmds/etexcmds.sty
Package: etexcmds 2019/12/15 v1.7 Avoid name clashes with e-TeX commands (HO)
))
(/usr/local/texlive/2024/texmf-dist/tex/latex/ninecolors/ninecolors.sty
Package: ninecolors 2022-02-13 v2022D Select colors with proper color contrast

(/usr/local/texlive/2024/texmf-dist/tex/latex/l3packages/xparse/xparse.sty
Package: xparse 2024-08-16 L3 Experimental document command parser
))
(/usr/local/texlive/2024/texmf-dist/tex/luatex/luatexbase/luatexbase.sty
Package: luatexbase 2015/10/04 v1.3 luatexbase interface to LuaTeX 

(/usr/local/texlive/2024/texmf-dist/tex/luatex/ctablestack/ctablestack.sty
Package: ctablestack 2015/10/01 v1.0 Catcode table stable support
\@catcodetablestackcnt=\count349
)
\CatcodeTableOther=\catcodetable14
\CatcodeTableExpl=\catcodetable15
)
\l__cdhh_a_int=\count350
\l__cdhh_b_int=\count351
\l__cdhh_main_boxsep_dim=\dimen282
\g__cdhh_code_box=\box86
\g__cdhh_demo_box=\box87
\l__cdhh_latex_rule_count_int=\count352
\l__cdhh_latex/math_rule_count_int=\count353
\l__cdhh_latex/table_rule_count_int=\count354
\l__cdhh_latex/latex2_rule_count_int=\count355
\l__cdhh_latex/latex3_rule_count_int=\count356
\l__cdhh_item_count_int=\count357
)
(/usr/local/texlive/2024/texmf-dist/tex/latex/amsmath/amsmath.sty
Package: amsmath 2024/11/05 v2.17t AMS math features
\@mathmargin=\skip62

For additional information on amsmath, use the `?' option.
(/usr/local/texlive/2024/texmf-dist/tex/latex/amsmath/amstext.sty
Package: amstext 2021/08/26 v2.01 AMS text

(/usr/local/texlive/2024/texmf-dist/tex/latex/amsmath/amsgen.sty
File: amsgen.sty 1999/11/30 v2.0 generic functions
\@emptytoks=\toks37
\ex@=\dimen283
))
(/usr/local/texlive/2024/texmf-dist/tex/latex/amsmath/amsbsy.sty
Package: amsbsy 1999/11/29 v1.2d Bold Symbols
\pmbraise@=\dimen284
)
(/usr/local/texlive/2024/texmf-dist/tex/latex/amsmath/amsopn.sty
Package: amsopn 2022/04/08 v2.04 operator names
)
\inf@bad=\count358
LaTeX Info: Redefining \frac on input line 235.
\uproot@=\count359
\leftroot@=\count360
LaTeX Info: Redefining \overline on input line 398.
LaTeX Info: Redefining \colon on input line 409.
\classnum@=\count361
\DOTSCASE@=\count362
LaTeX Info: Redefining \ldots on input line 495.
LaTeX Info: Redefining \dots on input line 498.
LaTeX Info: Redefining \cdots on input line 619.
\Mathstrutbox@=\box88
\strutbox@=\box89
LaTeX Info: Redefining \big on input line 721.
LaTeX Info: Redefining \Big on input line 722.
LaTeX Info: Redefining \bigg on input line 723.
LaTeX Info: Redefining \Bigg on input line 724.
\big@size=\dimen285
LaTeX Font Info:    Redeclaring font encoding OML on input line 742.
LaTeX Font Info:    Redeclaring font encoding OMS on input line 743.
\macc@depth=\count363
LaTeX Info: Redefining \bmod on input line 904.
LaTeX Info: Redefining \pmod on input line 909.
LaTeX Info: Redefining \smash on input line 939.
LaTeX Info: Redefining \relbar on input line 969.
LaTeX Info: Redefining \Relbar on input line 970.
\c@MaxMatrixCols=\count364
\dotsspace@=\muskip17
\c@parentequation=\count365
\dspbrk@lvl=\count366
\tag@help=\toks38
\row@=\count367
\column@=\count368
\maxfields@=\count369
\andhelp@=\toks39
\eqnshift@=\dimen286
\alignsep@=\dimen287
\tagshift@=\dimen288
\tagwidth@=\dimen289
\totwidth@=\dimen290
\lineht@=\dimen291
\@envbody=\toks40
\multlinegap=\skip63
\multlinetaggap=\skip64
\mathdisplay@stack=\toks41
LaTeX Info: Redefining \[ on input line 2953.
LaTeX Info: Redefining \] on input line 2954.
)
\@LN@amsmath@ams@eqpen=\count370

(/usr/local/texlive/2024/texmf-dist/tex/latex/siunitx/siunitx.sty
Package: siunitx 2025-02-27 v3.4.6 A comprehensive (SI) units package
\l__siunitx_number_uncert_offset_int=\count371
\l__siunitx_number_exponent_fixed_int=\count372
\l__siunitx_number_min_decimal_int=\count373
\l__siunitx_number_min_integer_int=\count374
\l__siunitx_number_round_precision_int=\count375
\l__siunitx_number_lower_threshold_int=\count376
\l__siunitx_number_upper_threshold_int=\count377
\l__siunitx_number_group_first_int=\count378
\l__siunitx_number_group_size_int=\count379
\l__siunitx_number_group_minimum_int=\count380
\l__siunitx_angle_tmp_dim=\dimen292
\l__siunitx_angle_marker_box=\box90
\l__siunitx_angle_unit_box=\box91
\l__siunitx_compound_count_int=\count381

(/usr/local/texlive/2024/texmf-dist/tex/latex/translations/translations.sty
Package: translations 2022/02/05 v1.12 internationalization of LaTeX2e packages
 (CN)

(/usr/local/texlive/2024/texmf-dist/tex/generic/pdftexcmds/pdftexcmds.sty
Package: pdftexcmds 2020-06-27 v0.33 Utility functions of pdfTeX for LuaTeX (HO
)
Package pdftexcmds Info: \pdf@primitive is available.
Package pdftexcmds Info: \pdf@ifprimitive is available.
Package pdftexcmds Info: \pdfdraftmode found.
\pdftexcmds@toks=\toks42
))
\l__siunitx_table_tmp_box=\box92
\l__siunitx_table_tmp_dim=\dimen293
\l__siunitx_table_column_width_dim=\dimen294
\l__siunitx_table_integer_box=\box93
\l__siunitx_table_decimal_box=\box94
\l__siunitx_table_uncert_box=\box95
\l__siunitx_table_before_box=\box96
\l__siunitx_table_after_box=\box97
\l__siunitx_table_before_dim=\dimen295
\l__siunitx_table_carry_dim=\dimen296
\l__siunitx_unit_tmp_int=\count382
\l__siunitx_unit_position_int=\count383
\l__siunitx_unit_total_int=\count384
)
(/usr/local/texlive/2024/texmf-dist/tex/latex/floatrow/floatrow.sty
Package: floatrow 2008/08/02 v0.3b floatrow: float package extension

(/usr/local/texlive/2024/texmf-dist/tex/latex/caption/caption3.sty
Package: caption3 2023/07/31 v2.4d caption3 kernel (AR)
\caption@tempdima=\dimen297
\captionmargin=\dimen298
\caption@leftmargin=\dimen299
\caption@rightmargin=\dimen300
\caption@width=\dimen301
\caption@indent=\dimen302
\caption@parindent=\dimen303
\caption@hangindent=\dimen304
Package caption Info: Standard document class detected.
)
\c@float@type=\count385
\float@exts=\toks43
\float@box=\box98
\@floatcapt=\box99
Package floatrow Info: Modified float package code loaded on input line 455.
Package floatrow Info: Modified rotfloat package code loaded on input line 473.

\FR@everyfloat=\toks44
\flrow@foot=\insert252
\FB@wd=\dimen305
\FBo@wd=\dimen306
\FBc@wd=\dimen307
\FBo@ht=\skip65
\FBc@ht=\skip66
\FBf@ht=\skip67
\FBo@max=\skip68
\FBc@max=\skip69
\FBf@max=\skip70
\c@FBl@b=\count386
\floatbox@depth=\count387
\c@FRobj=\count388
\c@FRsobj=\count389
\Xhsize=\skip71
\sXhsize=\skip72
\Zhsize=\skip73
\sZhsize=\skip74
\flrow@rowbox=\box100
\FR@Zunitlength=\dimen308
\c@FBcnt=\count390
\FPOScnt=\count391
\LTleft=\skip75
\LTright=\skip76
\LTleft=\skip77
\LTright=\skip78
\flrow@types=\toks45
)
(/usr/local/texlive/2024/texmf-dist/tex/latex/caption/caption.sty
Package: caption 2023/08/05 v3.6o Customizing captions (AR)
\c@caption@flags=\count392
\c@continuedfloat=\count393
Package caption Info: float package is loaded.
Package caption Info: floatrow package is loaded.
Package caption Info: floatrow package is loaded.
)
(/usr/local/texlive/2024/texmf-dist/tex/latex/caption/subcaption.sty
Package: subcaption 2023/07/28 v1.6b Sub-captions (AR)
Package caption Info: New subtype `subfigure' on input line 238.
\c@subfigure=\count394
Package caption Info: New subtype `subtable' on input line 238.
\c@subtable=\count395
)
\floatfootruleindent=\skip79
)
(./preamble/general/hyperref.tex
(/usr/local/texlive/2024/texmf-dist/tex/latex/url/url.sty
\Urlmuskip=\muskip18
Package: url 2013/09/16  ver 3.4  Verb mode for urls, etc.
)
(/usr/local/texlive/2024/texmf-dist/tex/latex/hyperref/hyperref.sty
Package: hyperref 2024-11-05 v7.01l Hypertext links for LaTeX

(/usr/local/texlive/2024/texmf-dist/tex/generic/kvdefinekeys/kvdefinekeys.sty
Package: kvdefinekeys 2019-12-19 v1.6 Define keys (HO)
)
(/usr/local/texlive/2024/texmf-dist/tex/generic/pdfescape/pdfescape.sty
Package: pdfescape 2019/12/09 v1.15 Implements pdfTeX's escape features (HO)
)
(/usr/local/texlive/2024/texmf-dist/tex/latex/hycolor/hycolor.sty
Package: hycolor 2020-01-27 v1.10 Color options for hyperref/bookmark (HO)
)
(/usr/local/texlive/2024/texmf-dist/tex/latex/hyperref/nameref.sty
Package: nameref 2023-11-26 v2.56 Cross-referencing by name of section

(/usr/local/texlive/2024/texmf-dist/tex/latex/refcount/refcount.sty
Package: refcount 2019/12/15 v3.6 Data extraction from label references (HO)
)
(/usr/local/texlive/2024/texmf-dist/tex/generic/gettitlestring/gettitlestring.s
ty
Package: gettitlestring 2019/12/15 v1.6 Cleanup title references (HO)
)
\c@section@level=\count396
) (/usr/local/texlive/2024/texmf-dist/tex/generic/stringenc/stringenc.sty
Package: stringenc 2019/11/29 v1.12 Convert strings between diff. encodings (HO
)
)
\@linkdim=\dimen309
\Hy@linkcounter=\count397
\Hy@pagecounter=\count398

(/usr/local/texlive/2024/texmf-dist/tex/latex/hyperref/pd1enc.def
File: pd1enc.def 2024-11-05 v7.01l Hyperref: PDFDocEncoding definition (HO)
)
(/usr/local/texlive/2024/texmf-dist/tex/generic/intcalc/intcalc.sty
Package: intcalc 2019/12/15 v1.3 Expandable calculations with integers (HO)
)
\Hy@SavedSpaceFactor=\count399

(/usr/local/texlive/2024/texmf-dist/tex/latex/hyperref/puenc.def
File: puenc.def 2024-11-05 v7.01l Hyperref: PDF Unicode definition (HO)
)
\pdfmajorversion=\count400
Package hyperref Info: Hyper figures OFF on input line 4157.
Package hyperref Info: Link nesting OFF on input line 4162.
Package hyperref Info: Hyper index ON on input line 4165.
Package hyperref Info: Plain pages OFF on input line 4172.
Package hyperref Info: Backreferencing OFF on input line 4177.
Package hyperref Info: Implicit mode ON; LaTeX internals redefined.
Package hyperref Info: Bookmarks ON on input line 4424.
\c@Hy@tempcnt=\count401
LaTeX Info: Redefining \url on input line 4763.
\XeTeXLinkMargin=\dimen310

(/usr/local/texlive/2024/texmf-dist/tex/generic/bitset/bitset.sty
Package: bitset 2019/12/09 v1.3 Handle bit-vector datatype (HO)

(/usr/local/texlive/2024/texmf-dist/tex/generic/bigintcalc/bigintcalc.sty
Package: bigintcalc 2019/12/15 v1.5 Expandable calculations on big integers (HO
)
))
\Fld@menulength=\count402
\Field@Width=\dimen311
\Fld@charsize=\dimen312
Package hyperref Info: Hyper figures OFF on input line 6042.
Package hyperref Info: Link nesting OFF on input line 6047.
Package hyperref Info: Hyper index ON on input line 6050.
Package hyperref Info: backreferencing OFF on input line 6057.
Package hyperref Info: Link coloring OFF on input line 6062.
Package hyperref Info: Link coloring with OCG OFF on input line 6067.
Package hyperref Info: PDF/A mode OFF on input line 6072.

(/usr/local/texlive/2024/texmf-dist/tex/latex/base/atbegshi-ltx.sty
Package: atbegshi-ltx 2021/01/10 v1.0c Emulation of the original atbegshi
package with kernel methods
)
\Hy@abspage=\count403
\c@Item=\count404
\c@Hfootnote=\count405
)
Package hyperref Info: Driver (custom): hgeneric-testphase.

(/usr/local/texlive/2024/texmf-dist/tex/latex/pdfmanagement-testphase/hgeneric-
testphase.def
File: hgeneric-testphase.def 2025-02-15 v0.96p generic Hyperref driver for the 
LaTeX PDF management testphase bundle

(/usr/local/texlive/2024/texmf-dist/tex/latex/pdfmanagement-testphase/hyperref-
colorschemes.def)
LaTeX Info: Redefining \href on input line 275.
LaTeX Info: Redefining \url on input line 361.
\l__hyp_tmpa_box=\box101
\l__hyp_tmpa_int=\count406
\l__hyp_dest_box=\box102
\g__hyp_linknestlevel_int=\count407
\HyAnn@Count=\count408
\Fld@listcount=\count409
\Hy@SectionHShift=\skip80
LaTeX Info: Redefining \Hy__hypSectionAnchor on input line 3559.
)
(/usr/local/texlive/2024/texmf-dist/tex/latex/bookmark/bookmark.sty
Package: bookmark 2023-12-10 v1.31 PDF bookmarks (HO)

(/usr/local/texlive/2024/texmf-dist/tex/latex/bookmark/bkm-pdftex.def
File: bkm-pdftex.def 2023-12-10 v1.31 bookmark driver for pdfTeX and luaTeX (HO
)
\BKM@id=\count410
))
(/usr/local/texlive/2024/texmf-dist/tex/latex/zref/zref-titleref.sty
Package: zref-titleref 2023-09-14 v2.35 Module titleref for zref (HO)

(/usr/local/texlive/2024/texmf-dist/tex/latex/zref/zref-base.sty
Package: zref-base 2023-09-14 v2.35 Module base for zref (HO)

(/usr/local/texlive/2024/texmf-dist/tex/latex/auxhook/auxhook.sty
Package: auxhook 2019-12-17 v1.6 Hooks for auxiliary files (HO)
)
Package zref Info: New property list: main on input line 767.
Package zref Info: New property: default on input line 768.
Package zref Info: New property: page on input line 769.
)
Package zref Info: New property: title on input line 58.
)
(/usr/local/texlive/2024/texmf-dist/tex/latex/zref/zref-abspage.sty
Package: zref-abspage 2023-09-14 v2.35 Module abspage for zref (HO)
\c@abspage=\count411
Package zref Info: New property: abspage on input line 67.
)
(/usr/local/texlive/2024/texmf-dist/tex/latex/zref-clever/zref-clever.sty
Package: zref-clever 2024-11-28 v0.5.1 Clever LaTeX cross-references based on z
ref

(/usr/local/texlive/2024/texmf-dist/tex/latex/zref/zref-user.sty
Package: zref-user 2023-09-14 v2.35 Module user for zref (HO)
)
(/usr/local/texlive/2024/texmf-dist/tex/latex/oberdiek/ifdraft.sty
Package: ifdraft 2016/05/16 v1.4 Detect class options draft and final (HO)
)
Package zref Info: New property: zc@counter on input line 61.
Package zref Info: New property: thecounter on input line 63.
Package zref Info: New property: zc@type on input line 73.
Package zref Info: New property: zc@cntval on input line 88.
Package zref Info: New property: zc@pgval on input line 103.
Package zref Info: New property: zc@enclval on input line 151.
Package zref Info: New property: zc@enclcnt on input line 157.
\g__zrefclever_page_format_int=\count412
Package zref Info: New property: zc@pgfmt on input line 169.
\l__zrefclever_tmpa_int=\count413
\l__zrefclever_sort_prior_a_int=\count414
\l__zrefclever_sort_prior_b_int=\count415
\l__zrefclever_type_count_int=\count416
\l__zrefclever_label_count_int=\count417
\l__zrefclever_ref_count_int=\count418
\l__zrefclever_range_count_int=\count419
\l__zrefclever_range_same_count_int=\count420
))
(./preamble/misc/macros.tex) (./preamble/misc/packages-macros.tex
(/usr/local/texlive/2024/texmf-dist/tex/latex/tcolorbox/tcolorbox.sty
Package: tcolorbox 2024/10/22 version 6.4.1 text color boxes

(/usr/local/texlive/2024/texmf-dist/tex/latex/pgf/frontendlayer/tikz.sty
(/usr/local/texlive/2024/texmf-dist/tex/latex/pgf/basiclayer/pgf.sty
(/usr/local/texlive/2024/texmf-dist/tex/latex/pgf/utilities/pgfrcs.sty
(/usr/local/texlive/2024/texmf-dist/tex/generic/pgf/utilities/pgfutil-common.te
x
\pgfutil@everybye=\toks46
\pgfutil@tempdima=\dimen313
\pgfutil@tempdimb=\dimen314
)
(/usr/local/texlive/2024/texmf-dist/tex/generic/pgf/utilities/pgfutil-latex.def
\pgfutil@abb=\box103
) (/usr/local/texlive/2024/texmf-dist/tex/generic/pgf/utilities/pgfrcs.code.tex
(/usr/local/texlive/2024/texmf-dist/tex/generic/pgf/pgf.revision.tex)
Package: pgfrcs 2023-01-15 v3.1.10 (3.1.10)
))
Package: pgf 2023-01-15 v3.1.10 (3.1.10)

(/usr/local/texlive/2024/texmf-dist/tex/latex/pgf/basiclayer/pgfcore.sty
(/usr/local/texlive/2024/texmf-dist/tex/latex/pgf/systemlayer/pgfsys.sty
(/usr/local/texlive/2024/texmf-dist/tex/generic/pgf/systemlayer/pgfsys.code.tex
Package: pgfsys 2023-01-15 v3.1.10 (3.1.10)
(/usr/local/texlive/2024/texmf-dist/tex/generic/pgf/utilities/pgfkeys.code.tex
\pgfkeys@pathtoks=\toks47
\pgfkeys@temptoks=\toks48

(/usr/local/texlive/2024/texmf-dist/tex/generic/pgf/utilities/pgfkeyslibraryfil
tered.code.tex
\pgfkeys@tmptoks=\toks49
))
\pgf@x=\dimen315
\pgf@y=\dimen316
\pgf@xa=\dimen317
\pgf@ya=\dimen318
\pgf@xb=\dimen319
\pgf@yb=\dimen320
\pgf@xc=\dimen321
\pgf@yc=\dimen322
\pgf@xd=\dimen323
\pgf@yd=\dimen324
\w@pgf@writea=\write3
\r@pgf@reada=\read2
\c@pgf@counta=\count421
\c@pgf@countb=\count422
\c@pgf@countc=\count423
\c@pgf@countd=\count424
\t@pgf@toka=\toks50
\t@pgf@tokb=\toks51
\t@pgf@tokc=\toks52
\pgf@sys@id@count=\count425

(/usr/local/texlive/2024/texmf-dist/tex/generic/pgf/systemlayer/pgf.cfg
File: pgf.cfg 2023-01-15 v3.1.10 (3.1.10)
)
Driver file for pgf: pgfsys-luatex.def

(/usr/local/texlive/2024/texmf-dist/tex/generic/pgf/systemlayer/pgfsys-luatex.d
ef
File: pgfsys-luatex.def 2023-01-15 v3.1.10 (3.1.10)

(/usr/local/texlive/2024/texmf-dist/tex/generic/pgf/systemlayer/pgfsys-common-p
df.def
File: pgfsys-common-pdf.def 2023-01-15 v3.1.10 (3.1.10)
)))
(/usr/local/texlive/2024/texmf-dist/tex/generic/pgf/systemlayer/pgfsyssoftpath.
code.tex
File: pgfsyssoftpath.code.tex 2023-01-15 v3.1.10 (3.1.10)
\pgfsyssoftpath@smallbuffer@items=\count426
\pgfsyssoftpath@bigbuffer@items=\count427
)
(/usr/local/texlive/2024/texmf-dist/tex/generic/pgf/systemlayer/pgfsysprotocol.
code.tex
File: pgfsysprotocol.code.tex 2023-01-15 v3.1.10 (3.1.10)
))
(/usr/local/texlive/2024/texmf-dist/tex/generic/pgf/basiclayer/pgfcore.code.tex
Package: pgfcore 2023-01-15 v3.1.10 (3.1.10)
(/usr/local/texlive/2024/texmf-dist/tex/generic/pgf/math/pgfmath.code.tex
(/usr/local/texlive/2024/texmf-dist/tex/generic/pgf/math/pgfmathutil.code.tex)
(/usr/local/texlive/2024/texmf-dist/tex/generic/pgf/math/pgfmathparser.code.tex
\pgfmath@dimen=\dimen325
\pgfmath@count=\count428
\pgfmath@box=\box104
\pgfmath@toks=\toks53
\pgfmath@stack@operand=\toks54
\pgfmath@stack@operation=\toks55
)
(/usr/local/texlive/2024/texmf-dist/tex/generic/pgf/math/pgfmathfunctions.code.
tex)
(/usr/local/texlive/2024/texmf-dist/tex/generic/pgf/math/pgfmathfunctions.basic
.code.tex)
(/usr/local/texlive/2024/texmf-dist/tex/generic/pgf/math/pgfmathfunctions.trigo
nometric.code.tex)
(/usr/local/texlive/2024/texmf-dist/tex/generic/pgf/math/pgfmathfunctions.rando
m.code.tex)
(/usr/local/texlive/2024/texmf-dist/tex/generic/pgf/math/pgfmathfunctions.compa
rison.code.tex)
(/usr/local/texlive/2024/texmf-dist/tex/generic/pgf/math/pgfmathfunctions.base.
code.tex)
(/usr/local/texlive/2024/texmf-dist/tex/generic/pgf/math/pgfmathfunctions.round
.code.tex)
(/usr/local/texlive/2024/texmf-dist/tex/generic/pgf/math/pgfmathfunctions.misc.
code.tex)
(/usr/local/texlive/2024/texmf-dist/tex/generic/pgf/math/pgfmathfunctions.integ
erarithmetics.code.tex)
(/usr/local/texlive/2024/texmf-dist/tex/generic/pgf/math/pgfmathcalc.code.tex)
(/usr/local/texlive/2024/texmf-dist/tex/generic/pgf/math/pgfmathfloat.code.tex
\c@pgfmathroundto@lastzeros=\count429
)) (/usr/local/texlive/2024/texmf-dist/tex/generic/pgf/math/pgfint.code.tex)
(/usr/local/texlive/2024/texmf-dist/tex/generic/pgf/basiclayer/pgfcorepoints.co
de.tex
File: pgfcorepoints.code.tex 2023-01-15 v3.1.10 (3.1.10)
\pgf@picminx=\dimen326
\pgf@picmaxx=\dimen327
\pgf@picminy=\dimen328
\pgf@picmaxy=\dimen329
\pgf@pathminx=\dimen330
\pgf@pathmaxx=\dimen331
\pgf@pathminy=\dimen332
\pgf@pathmaxy=\dimen333
\pgf@xx=\dimen334
\pgf@xy=\dimen335
\pgf@yx=\dimen336
\pgf@yy=\dimen337
\pgf@zx=\dimen338
\pgf@zy=\dimen339
)
(/usr/local/texlive/2024/texmf-dist/tex/generic/pgf/basiclayer/pgfcorepathconst
ruct.code.tex
File: pgfcorepathconstruct.code.tex 2023-01-15 v3.1.10 (3.1.10)
\pgf@path@lastx=\dimen340
\pgf@path@lasty=\dimen341
)
(/usr/local/texlive/2024/texmf-dist/tex/generic/pgf/basiclayer/pgfcorepathusage
.code.tex
File: pgfcorepathusage.code.tex 2023-01-15 v3.1.10 (3.1.10)
\pgf@shorten@end@additional=\dimen342
\pgf@shorten@start@additional=\dimen343
)
(/usr/local/texlive/2024/texmf-dist/tex/generic/pgf/basiclayer/pgfcorescopes.co
de.tex
File: pgfcorescopes.code.tex 2023-01-15 v3.1.10 (3.1.10)
\pgfpic=\box105
\pgf@hbox=\box106
\pgf@layerbox@main=\box107
\pgf@picture@serial@count=\count430
)
(/usr/local/texlive/2024/texmf-dist/tex/generic/pgf/basiclayer/pgfcoregraphicst
ate.code.tex
File: pgfcoregraphicstate.code.tex 2023-01-15 v3.1.10 (3.1.10)
\pgflinewidth=\dimen344
)
(/usr/local/texlive/2024/texmf-dist/tex/generic/pgf/basiclayer/pgfcoretransform
ations.code.tex
File: pgfcoretransformations.code.tex 2023-01-15 v3.1.10 (3.1.10)
\pgf@pt@x=\dimen345
\pgf@pt@y=\dimen346
\pgf@pt@temp=\dimen347
)
(/usr/local/texlive/2024/texmf-dist/tex/generic/pgf/basiclayer/pgfcorequick.cod
e.tex
File: pgfcorequick.code.tex 2023-01-15 v3.1.10 (3.1.10)
)
(/usr/local/texlive/2024/texmf-dist/tex/generic/pgf/basiclayer/pgfcoreobjects.c
ode.tex
File: pgfcoreobjects.code.tex 2023-01-15 v3.1.10 (3.1.10)
)
(/usr/local/texlive/2024/texmf-dist/tex/generic/pgf/basiclayer/pgfcorepathproce
ssing.code.tex
File: pgfcorepathprocessing.code.tex 2023-01-15 v3.1.10 (3.1.10)
)
(/usr/local/texlive/2024/texmf-dist/tex/generic/pgf/basiclayer/pgfcorearrows.co
de.tex
File: pgfcorearrows.code.tex 2023-01-15 v3.1.10 (3.1.10)
\pgfarrowsep=\dimen348
)
(/usr/local/texlive/2024/texmf-dist/tex/generic/pgf/basiclayer/pgfcoreshade.cod
e.tex
File: pgfcoreshade.code.tex 2023-01-15 v3.1.10 (3.1.10)
\pgf@max=\dimen349
\pgf@sys@shading@range@num=\count431
\pgf@shadingcount=\count432
)
(/usr/local/texlive/2024/texmf-dist/tex/generic/pgf/basiclayer/pgfcoreimage.cod
e.tex
File: pgfcoreimage.code.tex 2023-01-15 v3.1.10 (3.1.10)
)
(/usr/local/texlive/2024/texmf-dist/tex/generic/pgf/basiclayer/pgfcoreexternal.
code.tex
File: pgfcoreexternal.code.tex 2023-01-15 v3.1.10 (3.1.10)
\pgfexternal@startupbox=\box108
)
(/usr/local/texlive/2024/texmf-dist/tex/generic/pgf/basiclayer/pgfcorelayers.co
de.tex
File: pgfcorelayers.code.tex 2023-01-15 v3.1.10 (3.1.10)
)
(/usr/local/texlive/2024/texmf-dist/tex/generic/pgf/basiclayer/pgfcoretranspare
ncy.code.tex
File: pgfcoretransparency.code.tex 2023-01-15 v3.1.10 (3.1.10)
)
(/usr/local/texlive/2024/texmf-dist/tex/generic/pgf/basiclayer/pgfcorepatterns.
code.tex
File: pgfcorepatterns.code.tex 2023-01-15 v3.1.10 (3.1.10)
)
(/usr/local/texlive/2024/texmf-dist/tex/generic/pgf/basiclayer/pgfcorerdf.code.
tex
File: pgfcorerdf.code.tex 2023-01-15 v3.1.10 (3.1.10)
)))
(/usr/local/texlive/2024/texmf-dist/tex/generic/pgf/modules/pgfmoduleshapes.cod
e.tex
File: pgfmoduleshapes.code.tex 2023-01-15 v3.1.10 (3.1.10)
\pgfnodeparttextbox=\box109
)
(/usr/local/texlive/2024/texmf-dist/tex/generic/pgf/modules/pgfmoduleplot.code.
tex
File: pgfmoduleplot.code.tex 2023-01-15 v3.1.10 (3.1.10)
)
(/usr/local/texlive/2024/texmf-dist/tex/latex/pgf/compatibility/pgfcomp-version
-0-65.sty
Package: pgfcomp-version-0-65 2023-01-15 v3.1.10 (3.1.10)
\pgf@nodesepstart=\dimen350
\pgf@nodesepend=\dimen351
)
(/usr/local/texlive/2024/texmf-dist/tex/latex/pgf/compatibility/pgfcomp-version
-1-18.sty
Package: pgfcomp-version-1-18 2023-01-15 v3.1.10 (3.1.10)
))
(/usr/local/texlive/2024/texmf-dist/tex/latex/pgf/utilities/pgffor.sty
(/usr/local/texlive/2024/texmf-dist/tex/latex/pgf/utilities/pgfkeys.sty
(/usr/local/texlive/2024/texmf-dist/tex/generic/pgf/utilities/pgfkeys.code.tex))
 (/usr/local/texlive/2024/texmf-dist/tex/latex/pgf/math/pgfmath.sty
(/usr/local/texlive/2024/texmf-dist/tex/generic/pgf/math/pgfmath.code.tex))
(/usr/local/texlive/2024/texmf-dist/tex/generic/pgf/utilities/pgffor.code.tex
Package: pgffor 2023-01-15 v3.1.10 (3.1.10)
\pgffor@iter=\dimen352
\pgffor@skip=\dimen353
\pgffor@stack=\toks56
\pgffor@toks=\toks57
))
(/usr/local/texlive/2024/texmf-dist/tex/generic/pgf/frontendlayer/tikz/tikz.cod
e.tex
Package: tikz 2023-01-15 v3.1.10 (3.1.10)

(/usr/local/texlive/2024/texmf-dist/tex/generic/pgf/libraries/pgflibraryplothan
dlers.code.tex
File: pgflibraryplothandlers.code.tex 2023-01-15 v3.1.10 (3.1.10)
\pgf@plot@mark@count=\count433
\pgfplotmarksize=\dimen354
)
\tikz@lastx=\dimen355
\tikz@lasty=\dimen356
\tikz@lastxsaved=\dimen357
\tikz@lastysaved=\dimen358
\tikz@lastmovetox=\dimen359
\tikz@lastmovetoy=\dimen360
\tikzleveldistance=\dimen361
\tikzsiblingdistance=\dimen362
\tikz@figbox=\box110
\tikz@figbox@bg=\box111
\tikz@tempbox=\box112
\tikz@tempbox@bg=\box113
\tikztreelevel=\count434
\tikznumberofchildren=\count435
\tikznumberofcurrentchild=\count436
\tikz@fig@count=\count437

(/usr/local/texlive/2024/texmf-dist/tex/generic/pgf/modules/pgfmodulematrix.cod
e.tex
File: pgfmodulematrix.code.tex 2023-01-15 v3.1.10 (3.1.10)
\pgfmatrixcurrentrow=\count438
\pgfmatrixcurrentcolumn=\count439
\pgf@matrix@numberofcolumns=\count440
)
\tikz@expandcount=\count441

(/usr/local/texlive/2024/texmf-dist/tex/generic/pgf/frontendlayer/tikz/librarie
s/tikzlibrarytopaths.code.tex
File: tikzlibrarytopaths.code.tex 2023-01-15 v3.1.10 (3.1.10)
)))
(/usr/local/texlive/2024/texmf-dist/tex/latex/tools/verbatim.sty
Package: verbatim 2024-01-22 v1.5x LaTeX2e package for verbatim enhancements
\every@verbatim=\toks58
\verbatim@line=\toks59
\verbatim@in@stream=\read3
)
(/usr/local/texlive/2024/texmf-dist/tex/latex/environ/environ.sty
Package: environ 2014/05/04 v0.3 A new way to define environments

(/usr/local/texlive/2024/texmf-dist/tex/latex/trimspaces/trimspaces.sty
Package: trimspaces 2009/09/17 v1.1 Trim spaces around a token list
))
\tcb@titlebox=\box114
\tcb@upperbox=\box115
\tcb@lowerbox=\box116
\tcb@phantombox=\box117
\c@tcbbreakpart=\count442
\c@tcblayer=\count443
\c@tcolorbox@number=\count444
\l__tcobox_tmpa_box=\box118
\l__tcobox_tmpa_dim=\dimen363
\tcb@temp=\box119
\tcb@temp=\box120
\tcb@temp=\box121
\tcb@temp=\box122
))
(./preamble/misc/tikz.tex
(/usr/local/texlive/2024/texmf-dist/tex/latex/pgfplots/pgfplots.sty
(/usr/local/texlive/2024/texmf-dist/tex/generic/pgfplots/pgfplots.revision.tex)
Package: pgfplots 2021/05/15 v1.18.1 Data Visualization (1.18.1)
(/usr/local/texlive/2024/texmf-dist/tex/generic/pgfplots/pgfplots.code.tex
(/usr/local/texlive/2024/texmf-dist/tex/generic/pgfplots/pgfplotscore.code.tex
Package pgfplots info on input line 124: Initializing with LUA version Lua 5.3
\pgfplots@luabackend@table=\catcodetable16
\t@pgfplots@toka=\toks60
\t@pgfplots@tokb=\toks61
\t@pgfplots@tokc=\toks62
\pgfplots@tmpa=\dimen364
\c@pgfplots@coordindex=\count445
\c@pgfplots@scanlineindex=\count446

(/usr/local/texlive/2024/texmf-dist/tex/generic/pgfplots/sys/pgfplotssysgeneric
.code.tex))
(/usr/local/texlive/2024/texmf-dist/tex/generic/pgfplots/libs/pgfplotslibrary.c
ode.tex)
(/usr/local/texlive/2024/texmf-dist/tex/generic/pgfplots/oldpgfcompatib/pgfplot
soldpgfsupp_loader.code.tex
(/usr/local/texlive/2024/texmf-dist/tex/generic/pgf/libraries/pgflibraryfpu.cod
e.tex)
Package pgfplots: loading complementary utilities for your pgf version...
\t@pgf@toka=\toks63
\t@pgf@tokb=\toks64
\t@pgf@tokc=\toks65

(/usr/local/texlive/2024/texmf-dist/tex/generic/pgfplots/oldpgfcompatib/pgfplot
soldpgfsupp_pgfutil-common-lists.tex)
(/usr/local/texlive/2024/texmf-dist/tex/generic/pgf/libraries/luamath/pgflibrar
yluamath.code.tex)
Package pgfplots info on input line 290: luamath library shipped with pgf 3.1.1
0 is up-to-date
)
(/usr/local/texlive/2024/texmf-dist/tex/generic/pgfplots/util/pgfplotsutil.code
.tex
Package pgfplots info on input line 82: Found new luatex: initializing lua comm
ands instead of write18 (shell-escape)

(/usr/local/texlive/2024/texmf-dist/tex/generic/pgfplots/liststructure/pgfplots
liststructure.code.tex)
(/usr/local/texlive/2024/texmf-dist/tex/generic/pgfplots/liststructure/pgfplots
liststructureext.code.tex)
(/usr/local/texlive/2024/texmf-dist/tex/generic/pgfplots/liststructure/pgfplots
array.code.tex
\c@pgfplotsarray@tmp=\count447
)
(/usr/local/texlive/2024/texmf-dist/tex/generic/pgfplots/liststructure/pgfplots
matrix.code.tex)
(/usr/local/texlive/2024/texmf-dist/tex/generic/pgfplots/numtable/pgfplotstable
shared.code.tex
\c@pgfplotstable@counta=\count448
\t@pgfplotstable@a=\toks66
)
(/usr/local/texlive/2024/texmf-dist/tex/generic/pgfplots/liststructure/pgfplots
deque.code.tex)
(/usr/local/texlive/2024/texmf-dist/tex/generic/pgfplots/util/pgfplotsbinary.co
de.tex
(/usr/local/texlive/2024/texmf-dist/tex/generic/pgfplots/util/pgfplotsbinary.da
ta.code.tex))
(/usr/local/texlive/2024/texmf-dist/tex/generic/pgfplots/util/pgfplotsutil.verb
.code.tex)
(/usr/local/texlive/2024/texmf-dist/tex/generic/pgfplots/libs/pgflibrarypgfplot
s.surfshading.code.tex
\c@pgfplotslibrarysurf@no=\count449

(/usr/local/texlive/2024/texmf-dist/tex/generic/pgfplots/sys/pgflibrarypgfplots
.surfshading.pgfsys-luatex.def)))
(/usr/local/texlive/2024/texmf-dist/tex/generic/pgfplots/util/pgfplotscolormap.
code.tex
(/usr/local/texlive/2024/texmf-dist/tex/generic/pgfplots/util/pgfplotscolor.cod
e.tex))
(/usr/local/texlive/2024/texmf-dist/tex/generic/pgfplots/pgfplotsstackedplots.c
ode.tex)
(/usr/local/texlive/2024/texmf-dist/tex/generic/pgfplots/pgfplotsplothandlers.c
ode.tex
(/usr/local/texlive/2024/texmf-dist/tex/generic/pgfplots/pgfplotsmeshplothandle
r.code.tex
(/usr/local/texlive/2024/texmf-dist/tex/generic/pgfplots/pgfplotsmeshplotimage.
code.tex)))
(/usr/local/texlive/2024/texmf-dist/tex/generic/pgfplots/pgfplots.scaling.code.
tex)
(/usr/local/texlive/2024/texmf-dist/tex/generic/pgfplots/pgfplotscoordprocessin
g.code.tex)
(/usr/local/texlive/2024/texmf-dist/tex/generic/pgfplots/pgfplots.errorbars.cod
e.tex)
(/usr/local/texlive/2024/texmf-dist/tex/generic/pgfplots/pgfplots.markers.code.
tex)
(/usr/local/texlive/2024/texmf-dist/tex/generic/pgfplots/pgfplotsticks.code.tex
)
(/usr/local/texlive/2024/texmf-dist/tex/generic/pgfplots/pgfplots.paths.code.te
x)
(/usr/local/texlive/2024/texmf-dist/tex/generic/pgf/frontendlayer/tikz/librarie
s/tikzlibrarydecorations.code.tex
(/usr/local/texlive/2024/texmf-dist/tex/generic/pgf/modules/pgfmoduledecoration
s.code.tex
\pgfdecoratedcompleteddistance=\dimen365
\pgfdecoratedremainingdistance=\dimen366
\pgfdecoratedinputsegmentcompleteddistance=\dimen367
\pgfdecoratedinputsegmentremainingdistance=\dimen368
\pgf@decorate@distancetomove=\dimen369
\pgf@decorate@repeatstate=\count450
\pgfdecorationsegmentamplitude=\dimen370
\pgfdecorationsegmentlength=\dimen371
)
\tikz@lib@dec@box=\box123
)
(/usr/local/texlive/2024/texmf-dist/tex/generic/pgf/frontendlayer/tikz/librarie
s/tikzlibrarydecorations.pathmorphing.code.tex
(/usr/local/texlive/2024/texmf-dist/tex/generic/pgf/libraries/decorations/pgfli
brarydecorations.pathmorphing.code.tex))
(/usr/local/texlive/2024/texmf-dist/tex/generic/pgf/frontendlayer/tikz/librarie
s/tikzlibrarydecorations.pathreplacing.code.tex
(/usr/local/texlive/2024/texmf-dist/tex/generic/pgf/libraries/decorations/pgfli
brarydecorations.pathreplacing.code.tex))
(/usr/local/texlive/2024/texmf-dist/tex/generic/pgfplots/libs/tikzlibrarypgfplo
ts.contourlua.code.tex)
\pgfplots@numplots=\count451
\pgfplots@xmin@reg=\dimen372
\pgfplots@xmax@reg=\dimen373
\pgfplots@ymin@reg=\dimen374
\pgfplots@ymax@reg=\dimen375
\pgfplots@zmin@reg=\dimen376
\pgfplots@zmax@reg=\dimen377
)
(/usr/local/texlive/2024/texmf-dist/tex/generic/pgf/frontendlayer/tikz/librarie
s/tikzlibraryplotmarks.code.tex
File: tikzlibraryplotmarks.code.tex 2023-01-15 v3.1.10 (3.1.10)

(/usr/local/texlive/2024/texmf-dist/tex/generic/pgf/libraries/pgflibraryplotmar
ks.code.tex
File: pgflibraryplotmarks.code.tex 2023-01-15 v3.1.10 (3.1.10)
)))
(/usr/local/texlive/2024/texmf-dist/tex/generic/pgf/frontendlayer/tikz/librarie
s/tikzlibraryfadings.code.tex
File: tikzlibraryfadings.code.tex 2023-01-15 v3.1.10 (3.1.10)

(/usr/local/texlive/2024/texmf-dist/tex/generic/pgf/libraries/pgflibraryfadings
.code.tex
File: pgflibraryfadings.code.tex 2023-01-15 v3.1.10 (3.1.10)
))
(/usr/local/texlive/2024/texmf-dist/tex/generic/pgf/libraries/pgflibraryarrows.
meta.code.tex
File: pgflibraryarrows.meta.code.tex 2023-01-15 v3.1.10 (3.1.10)
\pgfarrowinset=\dimen378
\pgfarrowlength=\dimen379
\pgfarrowwidth=\dimen380
\pgfarrowlinewidth=\dimen381
)
(/usr/local/texlive/2024/texmf-dist/tex/generic/pgf/frontendlayer/tikz/librarie
s/tikzlibrarycalc.code.tex
File: tikzlibrarycalc.code.tex 2023-01-15 v3.1.10 (3.1.10)
)
(/usr/local/texlive/2024/texmf-dist/tex/generic/tikz-cd/tikzlibrarycd.code.tex
(/usr/local/texlive/2024/texmf-dist/tex/generic/pgf/frontendlayer/tikz/librarie
s/tikzlibrarymatrix.code.tex
File: tikzlibrarymatrix.code.tex 2023-01-15 v3.1.10 (3.1.10)
)
(/usr/local/texlive/2024/texmf-dist/tex/generic/pgf/frontendlayer/tikz/librarie
s/tikzlibraryquotes.code.tex
File: tikzlibraryquotes.code.tex 2023-01-15 v3.1.10 (3.1.10)
))
(/usr/local/texlive/2024/texmf-dist/tex/generic/pgf/frontendlayer/tikz/librarie
s/tikzlibrarydecorations.markings.code.tex
(/usr/local/texlive/2024/texmf-dist/tex/generic/pgf/libraries/decorations/pgfli
brarydecorations.markings.code.tex))
(/usr/local/texlive/2024/texmf-dist/tex/generic/pgf/frontendlayer/tikz/librarie
s/tikzlibrarytrees.code.tex
File: tikzlibrarytrees.code.tex 2023-01-15 v3.1.10 (3.1.10)
)
(/usr/local/texlive/2024/texmf-dist/tex/generic/pgf/frontendlayer/tikz/librarie
s/tikzlibraryfit.code.tex
File: tikzlibraryfit.code.tex 2023-01-15 v3.1.10 (3.1.10)
)) (./preamble/misc/inkscape.tex
(/usr/local/texlive/2024/texmf-dist/tex/latex/tools/shellesc.sty
Package: shellesc 2023/07/08 v1.0d unified shell escape interface for LaTeX
Package shellesc Info: Unrestricted shell escape enabled on input line 75.
)
(/usr/local/texlive/2024/texmf-dist/tex/latex/filemod/filemod.sty
Package: filemod 2011/09/19 v1.2 Get and compare file modification times

(/usr/local/texlive/2024/texmf-dist/tex/latex/filemod/filemod-expmin.sty
Package: filemod-expmin 2011/09/19 v1.2 Get and compare file modification times
 (expandable; minimal)
)))
(./preamble/misc/code.tex
(/usr/local/texlive/2024/texmf-dist/tex/latex/minted/minted.sty
Package: minted 2025/03/06 v3.6.0 Yet another Pygments shim for LaTeX

(/usr/local/texlive/2024/texmf-dist/tex/latex/fvextra/fvextra.sty
Package: fvextra 2025/03/04 v1.12.0 fvextra - extensions and patches for fancyv
rb

(/usr/local/texlive/2024/texmf-dist/tex/latex/fancyvrb/fancyvrb.sty
Package: fancyvrb 2024/01/20 4.5c verbatim text (tvz,hv)
\FV@CodeLineNo=\count452
\FV@InFile=\read4
\FV@TabBox=\box124
\c@FancyVerbLine=\count453
\FV@StepNumber=\count454
\FV@OutFile=\write4
)
(/usr/local/texlive/2024/texmf-dist/tex/latex/upquote/upquote.sty
Package: upquote 2012/04/19 v1.3 upright-quote and grave-accent glyphs in verba
tim

(/usr/local/texlive/2024/texmf-dist/tex/latex/base/textcomp.sty
Package: textcomp 2024/04/24 v2.1b Standard LaTeX package
))

Package fvextra Warning: csquotes should be loaded after fvextra, to avoid a wa
rning from the lineno package on input line 37.

\c@FancyVerbWriteLine=\count455
\c@FancyVerbBufferLine=\count456
\c@FV@TrueTabGroupLevel=\count457
\c@FV@TrueTabCounter=\count458
\FV@TabBox@Group=\box125
\FV@bgcolorstructbox=\box126
\FV@TmpLength=\skip81
\c@FV@HighlightLinesStart=\count459
\c@FV@HighlightLinesStop=\count460
\FV@LoopCount=\count461
\FV@NCharsBox=\box127
\FV@BreakIndent=\dimen382
\FV@BreakIndentNChars=\count462
\FV@BreakSymbolSepLeft=\dimen383
\FV@BreakSymbolSepLeftNChars=\count463
\FV@BreakSymbolSepRight=\dimen384
\FV@BreakSymbolSepRightNChars=\count464
\FV@BreakSymbolIndentLeft=\dimen385
\FV@BreakSymbolIndentLeftNChars=\count465
\FV@BreakSymbolIndentRight=\dimen386
\FV@BreakSymbolIndentRightNChars=\count466
\c@FancyVerbLineBreakLast=\count467
\FV@LineBox=\box128
\FV@LineIndentBox=\box129
\c@FV@BreakBufferDepth=\count468
\FV@LineWidth=\dimen387
) (/usr/local/texlive/2024/texmf-dist/tex/latex/latex2pydata/latex2pydata.sty
Package: latex2pydata 2025/03/03 v0.5.0 latex2pydata - write data to file in Py
thon literal format
)
(/usr/local/texlive/2024/texmf-dist/tex/latex/pgfopts/pgfopts.sty
Package: pgfopts 2014/07/10 v2.1a LaTeX package options with pgfkeys
\pgfopts@list@add@a@toks=\toks67
\pgfopts@list@add@b@toks=\toks68
)
\c@minted@FancyVerbLineTemp=\count469
\c@listing=\count470
)
(/usr/local/texlive/2024/texmf-dist/tex/latex/tcolorbox/tcbminted.code.tex
Library (tcolorbox): 'tcbminted.code.tex' version '6.4.1'

(/usr/local/texlive/2024/texmf-dist/tex/latex/tcolorbox/tcblistingscore.code.te
x
Library (tcolorbox): 'tcblistingscore.code.tex' version '6.4.1'
(/usr/local/texlive/2024/texmf-dist/tex/latex/tcolorbox/tcbprocessing.code.tex
Library (tcolorbox): 'tcbprocessing.code.tex' version '6.4.1'
)
\c@tcblisting=\count471
)) (/usr/local/texlive/2024/texmf-dist/tex/latex/algorithms/algorithm.sty
Package: algorithm 2009/08/24 v0.1 Document Style `algorithm' - floating enviro
nment
\c@algorithm=\count472
)
(/usr/local/texlive/2024/texmf-dist/tex/latex/algpseudocodex/algpseudocodex.sty
Package: algpseudocodex 2023-04-17 v1.1.2 pseudocode typesetting
(/usr/local/texlive/2024/texmf-dist/tex/latex/algorithmicx/algorithmicx.sty
Package: algorithmicx 2005/04/27 v1.2 Algorithmicx

Document Style algorithmicx 1.2 - a greatly improved `algorithmic' style
\c@ALG@line=\count473
\c@ALG@rem=\count474
\c@ALG@nested=\count475
\ALG@tlm=\skip82
\ALG@thistlm=\skip83
\c@ALG@Lnr=\count476
\c@ALG@blocknr=\count477
\c@ALG@storecount=\count478
\c@ALG@tmpcounter=\count479
\ALG@tmplength=\skip84
) (/usr/local/texlive/2024/texmf-dist/tex/latex/fifo-stack/fifo-stack.sty
Package: fifo-stack 2014/03/24 v1.0 Multi-FIFO/stack system
\tmp@fifo@stack@top=\count480
\tmp@fifo@stack@bottom=\count481
\tmp@fifo@stack@size=\count482
)
(/usr/local/texlive/2024/texmf-dist/tex/latex/tabto-ltx/tabto.sty
Package: tabto 2018/12/28  v 1.4  Another tabbing mechanism
\CurrentLineWidth=\dimen388
\TabPrevPos=\dimen389
)
(/usr/local/texlive/2024/texmf-dist/tex/latex/totcount/totcount.sty
Package: totcount 2011/01/25 v1.2 package for gettingthe total value of LaTeX c
ounters
)
(/usr/local/texlive/2024/texmf-dist/tex/latex/tikzmark/tikzlibrarytikzmark.code
.tex
File: tikzlibrarytikzmark.code.tex 2022/08/24 v1.15 TikZ library for marking po
sitions in a document

(/usr/local/texlive/2024/texmf-dist/tex/latex/l3packages/l3keys2e/l3keys2e.sty
Package: l3keys2e 2024-08-16 LaTeX2e option processing using LaTeX3 keys
)
\l__sn_x_dim=\dimen390
\l__sn_y_dim=\dimen391
\l__sn_xa_dim=\dimen392
\l__sn_ya_dim=\dimen393
)
\algpx@codeBoxInnerSep=\skip85
\algpx@codeBoxSep=\skip86
\algpx@codeBoxOuterSep=\skip87
\algpx@indShiftX=\skip88
\algpx@indStartShiftY=\skip89
\algpx@indEndShiftY=\skip90
\algpx@indXLineLength=\skip91
\algpx@minIndDist=\skip92
\algpx@oldPos=\skip93
\algpx@newPos=\skip94
\algpx@tmpLen=\skip95
\algpx@currentLineskiplimit=\skip96
\algpx@currentLineskip=\skip97
\algpx@indStartY=\skip98
\algpx@indEndY=\skip99
\algpx@indStartX=\skip100
\algpx@extraShiftX=\skip101
\algpx@minTopPageHeight=\skip102
\algpx@minBotPageDepth=\skip103
\c@algpx@codeBoxCount=\count483
\c@algpx@nestedCBoxCount=\count484
\c@algpx@startedBoxesCount=\count485
\c@algpx@endedBoxesCount=\count486
\c@algpx@nestedBoxedStringCount=\count487
\c@algpx@nestedBoxedStringMaxCount=\count488
\c@algpx@indentCount=\count489
\c@algpx@lastIndentEnded=\count490
\c@algpx@pageCount=\count491
\c@algpx@tmpCount=\count492
\algpx@boxedStringBox=\box130
)) (./preamble/layout/geometry.tex
(/usr/local/texlive/2024/texmf-dist/tex/latex/sidenotes/sidenotes.sty
Package: sidenotes 2024/09/12 v1.20 Rich text in the margin for LaTeX

(/usr/local/texlive/2024/texmf-dist/tex/latex/marginnote/marginnote.sty
Package: marginnote 2018/08/09 1.4b non floating margin notes for LaTeX
\c@mn@abspage=\count493
)
(/usr/local/texlive/2024/texmf-dist/tex/latex/changepage/changepage.sty
Package: changepage 2009/10/20 v1.0c check page and change page layout
\c@cp@cntr=\count494
\cp@tempcnt=\count495
LaTeX Info: Redefining \checkoddpage on input line 59.
)
\c@sidenote=\count496
\@sidenotes@marginfigurebox=\box131
\@sidenotes@margintablebox=\box132
)
(/usr/local/texlive/2024/texmf-dist/tex/latex/morefloats/morefloats.sty
Package: morefloats 2025/01/28 v1.1a Raise limit of unprocessed floats (HMM)
Package morefloats Info: Maximum number of possible floats asked for: 45
(morefloats)             (i.e. 27 more floats).
(morefloats)             LaTeX might run out of memory before this
(morefloats)             (in which case it will notify you).
)
(/usr/local/texlive/2024/texmf-dist/tex/latex/marginfix/marginfix.sty
Package: marginfix 2020/05/06 v1.2 Fix Margin Paragraphs
\Mfx@inject@insert=\insert251
\Mfx@marginbox=\box133
\Mfx@marginpos@min=\dimen394
\Mfx@marginpos@max=\dimen395
\Mfx@marginspace=\dimen396
\Mfx@marginheight=\dimen397
\Mfx@piece@content=\box134
\Mfx@piece@count=\count497
\Mfx@mparshift=\dimen398
\marginheightadjustment=\dimen399
\marginposadjustment=\dimen400
\Mfx@strutheight=\dimen401
)
(/usr/local/texlive/2024/texmf-dist/tex/latex/geometry/geometry.sty
Package: geometry 2020/01/02 v5.9 Page Geometry

(/usr/local/texlive/2024/texmf-dist/tex/generic/iftex/ifvtex.sty
Package: ifvtex 2019/10/25 v1.7 ifvtex legacy package. Use iftex instead.
)
\Gm@cnth=\count498
\Gm@cntv=\count499
\c@Gm@tempcnt=\count500
\Gm@bindingoffset=\dimen402
\Gm@wd@mp=\dimen403
\Gm@odd@mp=\dimen404
\Gm@even@mp=\dimen405
\Gm@layoutwidth=\dimen406
\Gm@layoutheight=\dimen407
\Gm@layouthoffset=\dimen408
\Gm@layoutvoffset=\dimen409
\Gm@dimlist=\toks69
)
\overhang=\skip104

(/usr/local/texlive/2024/texmf-dist/tex/latex/fmtcount/fmtcount.sty
Package: fmtcount 2025/02/09 v3.10 Displaying the values of LaTeX counters (NT,
VB,NE)

(/usr/local/texlive/2024/texmf-dist/tex/latex/fmtcount/fcprefix.sty
Package: fcprefix 2012/09/28

(/usr/local/texlive/2024/texmf-dist/tex/latex/fmtcount/fcnumparser.sty
Package: fcnumparser 2017/06/15
\fc@digit@counter=\count501
))
\c@padzeroesN=\count502
\fc@tmpcatcode=\count503
\@DT@modctr=\count504
\@ordinalctr=\count505
\@orgargctr=\count506
\@strctr=\count507
\@tmpstrctr=\count508
\@DT@loopN=\count509
\@DT@X=\count510
)
(/usr/local/texlive/2024/texmf-dist/tex/latex/ragged2e/ragged2e.sty
Package: ragged2e 2023/06/22 v3.6 ragged2e Package
\CenteringLeftskip=\skip105
\RaggedLeftLeftskip=\skip106
\RaggedRightLeftskip=\skip107
\CenteringRightskip=\skip108
\RaggedLeftRightskip=\skip109
\RaggedRightRightskip=\skip110
\CenteringParfillskip=\skip111
\RaggedLeftParfillskip=\skip112
\RaggedRightParfillskip=\skip113
\JustifyingParfillskip=\skip114
\CenteringParindent=\skip115
\RaggedLeftParindent=\skip116
\RaggedRightParindent=\skip117
\JustifyingParindent=\skip118
))
(./preamble/layout/numbering.tex) (./preamble/layout/headers.tex
(/usr/local/texlive/2024/texmf-dist/tex/latex/fancyhdr/fancyhdr.sty
Package: fancyhdr 2025/02/07 v5.2 Extensive control of page headers and footers

\f@nch@headwidth=\skip119
\f@nch@offset@elh=\skip120
\f@nch@offset@erh=\skip121
\f@nch@offset@olh=\skip122
\f@nch@offset@orh=\skip123
\f@nch@offset@elf=\skip124
\f@nch@offset@erf=\skip125
\f@nch@offset@olf=\skip126
\f@nch@offset@orf=\skip127
\f@nch@height=\skip128
\f@nch@footalignment=\skip129
\f@nch@widthL=\skip130
\f@nch@widthC=\skip131
\f@nch@widthR=\skip132
\@temptokenb=\toks70
)
\headerpadding=\skip133
\defaultheaderrule=\box135
\chapterheaderrule=\box136
)
(./preamble/layout/titles.tex
(/usr/local/texlive/2024/texmf-dist/tex/latex/titlesec/titlesec.sty
Package: titlesec 2025/01/04 v2.17 Sectioning titles
\ttl@box=\box137
\beforetitleunit=\skip134
\aftertitleunit=\skip135
\ttl@plus=\dimen410
\ttl@minus=\dimen411
\ttl@toksa=\toks71
\titlewidth=\dimen412
\titlewidthlast=\dimen413
\titlewidthfirst=\dimen414
))
(./preamble/layout/toc.tex
(/usr/local/texlive/2024/texmf-dist/tex/latex/titlesec/titletoc.sty
Package: titletoc 2025/01/04 v2.17 TOC entries
\ttl@leftsep=\dimen415
)
(/usr/local/texlive/2024/texmf-dist/tex/latex/tocbibind/tocbibind.sty
Package: tocbibind 2010/10/13 v1.5k extra ToC listings
Package tocbibind Info: The document has chapter divisions on input line 50.


Package tocbibind Note: Using chapter style headings, unless overridden.

)) (./preamble/references/biblatex.tex
(/usr/local/texlive/2024/texmf-dist/tex/latex/biblatex/biblatex.sty
Package: biblatex 2024/03/21 v3.20 programmable bibliographies (PK/MW)

(/usr/local/texlive/2024/texmf-dist/tex/latex/logreq/logreq.sty
Package: logreq 2010/08/04 v1.0 xml request logger
\lrq@indent=\count511

(/usr/local/texlive/2024/texmf-dist/tex/latex/logreq/logreq.def
File: logreq.def 2010/08/04 v1.0 logreq spec v1.0
))
\c@tabx@nest=\count512
\c@listtotal=\count513
\c@listcount=\count514
\c@liststart=\count515
\c@liststop=\count516
\c@citecount=\count517
\c@citetotal=\count518
\c@multicitecount=\count519
\c@multicitetotal=\count520
\c@instcount=\count521
\c@maxnames=\count522
\c@minnames=\count523
\c@maxitems=\count524
\c@minitems=\count525
\c@citecounter=\count526
\c@maxcitecounter=\count527
\c@savedcitecounter=\count528
\c@uniquelist=\count529
\c@uniquename=\count530
\c@refsection=\count531
\c@refsegment=\count532
\c@maxextratitle=\count533
\c@maxextratitleyear=\count534
\c@maxextraname=\count535
\c@maxextradate=\count536
\c@maxextraalpha=\count537
\c@abbrvpenalty=\count538
\c@highnamepenalty=\count539
\c@lownamepenalty=\count540
\c@maxparens=\count541
\c@parenlevel=\count542
\blx@tempcnta=\count543
\blx@tempcntb=\count544
\blx@tempcntc=\count545
\c@blx@maxsection=\count546
\blx@maxsegment@0=\count547
\blx@notetype=\count548
\blx@parenlevel@text=\count549
\blx@parenlevel@foot=\count550
\blx@sectionciteorder@0=\count551
\blx@sectionciteorderinternal@0=\count552
\blx@entrysetcounter=\count553
\blx@biblioinstance=\count554
\labelnumberwidth=\skip136
\labelalphawidth=\skip137
\biblabelsep=\skip138
\bibitemsep=\skip139
\bibnamesep=\skip140
\bibinitsep=\skip141
\bibparsep=\skip142
\bibhang=\skip143
\blx@bcfin=\read5
\blx@bcfout=\write5
\blx@langwohyphens=\language2
\c@mincomprange=\count555
\c@maxcomprange=\count556
\c@mincompwidth=\count557
Package biblatex Info: Trying to load biblatex default data model...
Package biblatex Info: ... file 'blx-dm.def' found.

(/usr/local/texlive/2024/texmf-dist/tex/latex/biblatex/blx-dm.def
File: blx-dm.def 2024/03/21 v3.20 biblatex datamodel (PK/MW)
)
Package biblatex Info: Trying to load biblatex style data model...
Package biblatex Info: ... file 'preamble/references/biblatex-extra-fields.dbx'
 found.

(./preamble/references/biblatex-extra-fields.dbx)
Package biblatex Info: Trying to load biblatex custom data model...
Package biblatex Info: ... file 'biblatex-dm.cfg' not found.
\c@afterword=\count558
\c@savedafterword=\count559
\c@annotator=\count560
\c@savedannotator=\count561
\c@author=\count562
\c@savedauthor=\count563
\c@bookauthor=\count564
\c@savedbookauthor=\count565
\c@commentator=\count566
\c@savedcommentator=\count567
\c@editor=\count568
\c@savededitor=\count569
\c@editora=\count570
\c@savededitora=\count571
\c@editorb=\count572
\c@savededitorb=\count573
\c@editorc=\count574
\c@savededitorc=\count575
\c@foreword=\count576
\c@savedforeword=\count577
\c@holder=\count578
\c@savedholder=\count579
\c@introduction=\count580
\c@savedintroduction=\count581
\c@namea=\count582
\c@savednamea=\count583
\c@nameb=\count584
\c@savednameb=\count585
\c@namec=\count586
\c@savednamec=\count587
\c@translator=\count588
\c@savedtranslator=\count589
\c@shortauthor=\count590
\c@savedshortauthor=\count591
\c@shorteditor=\count592
\c@savedshorteditor=\count593
\c@labelname=\count594
\c@savedlabelname=\count595
\c@institution=\count596
\c@savedinstitution=\count597
\c@lista=\count598
\c@savedlista=\count599
\c@listb=\count600
\c@savedlistb=\count601
\c@listc=\count602
\c@savedlistc=\count603
\c@listd=\count604
\c@savedlistd=\count605
\c@liste=\count606
\c@savedliste=\count607
\c@listf=\count608
\c@savedlistf=\count609
\c@location=\count610
\c@savedlocation=\count611
\c@organization=\count612
\c@savedorganization=\count613
\c@origlocation=\count614
\c@savedoriglocation=\count615
\c@origpublisher=\count616
\c@savedorigpublisher=\count617
\c@publisher=\count618
\c@savedpublisher=\count619
\c@language=\count620
\c@savedlanguage=\count621
\c@origlanguage=\count622
\c@savedoriglanguage=\count623
\c@pageref=\count624
\c@savedpageref=\count625
\shorthandwidth=\skip144
\shortjournalwidth=\skip145
\shortserieswidth=\skip146
\shorttitlewidth=\skip147
\shortauthorwidth=\skip148
\shorteditorwidth=\skip149
\locallabelnumberwidth=\skip150
\locallabelalphawidth=\skip151
\localshorthandwidth=\skip152
\localshortjournalwidth=\skip153
\localshortserieswidth=\skip154
\localshorttitlewidth=\skip155
\localshortauthorwidth=\skip156
\localshorteditorwidth=\skip157
Package biblatex Info: Trying to load enhanced support for Unicode engines...
Package biblatex Info: ... file 'blx-unicode.def' found.

(/usr/local/texlive/2024/texmf-dist/tex/latex/biblatex/blx-unicode.def)
Package biblatex Info: Trying to load compatibility code...
Package biblatex Info: ... file 'blx-compat.def' found.

(/usr/local/texlive/2024/texmf-dist/tex/latex/biblatex/blx-compat.def
File: blx-compat.def 2024/03/21 v3.20 biblatex compatibility (PK/MW)
)
Package biblatex Info: Trying to load generic definitions...
Package biblatex Info: ... file 'biblatex.def' found.

(/usr/local/texlive/2024/texmf-dist/tex/latex/biblatex/biblatex.def
File: biblatex.def 2024/03/21 v3.20 biblatex compatibility (PK/MW)
\c@textcitecount=\count626
\c@textcitetotal=\count627
\c@textcitemaxnames=\count628
\c@biburlbigbreakpenalty=\count629
\c@biburlbreakpenalty=\count630
\c@biburlnumpenalty=\count631
\c@biburlucpenalty=\count632
\c@biburllcpenalty=\count633
\biburlbigskip=\muskip19
\biburlnumskip=\muskip20
\biburlucskip=\muskip21
\biburllcskip=\muskip22
\c@smartand=\count634
)
Package biblatex Info: Trying to load bibliography style 'ext-numeric-verb'...
Package biblatex Info: ... file 'ext-numeric-verb.bbx' found.

(/usr/local/texlive/2024/texmf-dist/tex/latex/biblatex-ext/ext-numeric-verb.bbx
File: ext-numeric-verb.bbx 2024/03/24 v0.18 extended biblatex numeric-verb bibl
iography style (MW)
Package biblatex Info: Trying to load bibliography style 'ext-standard'...
Package biblatex Info: ... file 'ext-standard.bbx' found.
(/usr/local/texlive/2024/texmf-dist/tex/latex/biblatex-ext/ext-standard.bbx
File: ext-standard.bbx 2024/03/24 v0.18 extended biblatex standard style (MW)
Package biblatex Info: Trying to load auxiliary code for ext-biblatex...
Package biblatex Info: ... file 'ext-biblatex-aux.def' found.

(/usr/local/texlive/2024/texmf-dist/tex/latex/biblatex-ext/ext-biblatex-aux.def
File: ext-biblatex-aux.def 2024/03/24 v0.18 auxiliaries for extended biblatex c
itation style (MW)
)
Package biblatex Info: Trying to load bibliography style 'standard'...
Package biblatex Info: ... file 'standard.bbx' found.
 (/usr/local/texlive/2024/texmf-dist/tex/latex/biblatex/bbx/standard.bbx
File: standard.bbx 2024/03/21 v3.20 biblatex bibliography style (PK/MW)
\c@bbx:relatedcount=\count635
\c@bbx:relatedtotal=\count636
)
\extbl@this@introcitewidth=\skip158
\introcitewidth=\skip159
\introcitesep=\skip160
Package biblatex Info: Delimiter 'innametitledelim' in context 'bib' already de
fined, overwriting.
Package biblatex Info: Delimiter 'innametitledelim' in context 'biblist' alread
y defined, overwriting.
)
Package biblatex Info: Trying to load bibliography style 'numeric-verb'...
Package biblatex Info: ... file 'numeric-verb.bbx' found.

(/usr/local/texlive/2024/texmf-dist/tex/latex/biblatex/bbx/numeric-verb.bbx
File: numeric-verb.bbx 2024/03/21 v3.20 biblatex bibliography style (PK/MW)
Package biblatex Info: Trying to load bibliography style 'numeric'...
Package biblatex Info: ... file 'numeric.bbx' found.

(/usr/local/texlive/2024/texmf-dist/tex/latex/biblatex/bbx/numeric.bbx
File: numeric.bbx 2024/03/21 v3.20 biblatex bibliography style (PK/MW)
)))
Package biblatex Info: Trying to load citation style 'ext-numeric-verb'...
Package biblatex Info: ... file 'ext-numeric-verb.cbx' found.

(/usr/local/texlive/2024/texmf-dist/tex/latex/biblatex-ext/ext-numeric-verb.cbx
File: ext-numeric-verb.cbx 2024/03/24 v0.18 extended biblatex numeric-verb cita
tion style (MW)
Package biblatex Info: Trying to load citation style 'numeric-verb'...
Package biblatex Info: ... file 'numeric-verb.cbx' found.
(/usr/local/texlive/2024/texmf-dist/tex/latex/biblatex/cbx/numeric-verb.cbx
File: numeric-verb.cbx 2024/03/21 v3.20 biblatex citation style (PK/MW)
Package biblatex Info: Redefining '\cite'.
Package biblatex Info: Redefining '\parencite'.
Package biblatex Info: Redefining '\footcite'.
Package biblatex Info: Redefining '\footcitetext'.
Package biblatex Info: Redefining '\smartcite'.
Package biblatex Info: Redefining '\textcite'.
Package biblatex Info: Redefining '\supercite'.
Package biblatex Info: Redefining '\parencites'.
Package biblatex Info: Redefining '\smartcites'.
Package biblatex Info: Redefining '\textcites'.
)
Package biblatex Info: Redefining '\cite'.
Package biblatex Info: Redefining '\parencite'.
Package biblatex Info: Redefining '\footcite'.
Package biblatex Info: Redefining '\footcitetext'.
Package biblatex Info: Redefining '\smartcite'.
Package biblatex Info: Redefining '\textcite'.
Package biblatex Info: Redefining '\supercite'.
Package biblatex Info: Redefining '\parencites'.
Package biblatex Info: Redefining '\footcites'.
Package biblatex Info: Redefining '\footcitetexts'.
Package biblatex Info: Redefining '\smartcites'.
Package biblatex Info: Redefining '\textcites'.
)
Package biblatex Info: Trying to load configuration file...
Package biblatex Info: ... file 'biblatex.cfg' found.

(/usr/local/texlive/2024/texmf-dist/tex/latex/biblatex/biblatex.cfg
File: biblatex.cfg 
)
Package biblatex Info: LuaTeX detected.
(biblatex)             Assuming input encoding 'utf8'.
Package biblatex Info: Document encoding is UTF8 ....
Package biblatex Info: ... and expl3
(biblatex)             2025-01-18 L3 programming layer (loader) 
(biblatex)             is new enough (at least 2020/04/06),
(biblatex)             setting 'casechanger=expl3'.

(/usr/local/texlive/2024/texmf-dist/tex/latex/biblatex/blx-case-expl3.sty
Package: blx-case-expl3 2024/03/21 v3.20 expl3 case changing code for biblatex
))
(./preamble/references/fields.tex) (./preamble/references/cite.tex)
(./preamble/references/style.tex
Package biblatex Info: Delimiter 'editortypedelim' in context '' already define
d, overwriting on input line 24.
) (./preamble/references/doi-eprint-url.tex)
(./preamble/references/backref.tex)) (./preamble/math/packages.tex
(/usr/local/texlive/2024/texmf-dist/tex/latex/mathtools/mathtools.sty
Package: mathtools 2024/10/04 v1.31 mathematical typesetting tools

(/usr/local/texlive/2024/texmf-dist/tex/latex/mathtools/mhsetup.sty
Package: mhsetup 2021/03/18 v1.4 programming setup (MH)
)
\g_MT_multlinerow_int=\count637
\l_MT_multwidth_dim=\dimen416
\origjot=\skip161
\l_MT_shortvdotswithinadjustabove_dim=\dimen417
\l_MT_shortvdotswithinadjustbelow_dim=\dimen418
\l_MT_above_intertext_sep=\dimen419
\l_MT_below_intertext_sep=\dimen420
\l_MT_above_shortintertext_sep=\dimen421
\l_MT_below_shortintertext_sep=\dimen422
\xmathstrut@box=\box138
\xmathstrut@dim=\dimen423
)
(/usr/local/texlive/2024/texmf-dist/tex/latex/scalerel/scalerel.sty
Package: scalerel 2016/12/29 v1.8 Routines for constrained scaling and stretchi
ng of objects, relative to a reference object or in absolute terms
\thesrwidth=\skip162
\thesrheight=\skip163
\srblobheight=\skip164
\srblobdepth=\skip165
\mnxsrwidth=\skip166
\LMex=\skip167
\LMpt=\skip168
)
(/usr/local/texlive/2024/texmf-dist/tex/latex/amsfonts/amsfonts.sty
Package: amsfonts 2013/01/14 v3.01 Basic AMSFonts support
\symAMSa=\mathgroup4
\symAMSb=\mathgroup5
LaTeX Font Info:    Redeclaring math symbol \hbar on input line 98.
LaTeX Font Info:    Overwriting math alphabet `\mathfrak' in version `bold'
(Font)                  U/euf/m/n --> U/euf/b/n on input line 106.
)
(/usr/local/texlive/2024/texmf-dist/tex/latex/amsfonts/amssymb.sty
Package: amssymb 2013/01/14 v3.01 AMS font symbols
)
(/usr/local/texlive/2024/texmf-dist/tex/latex/mathalpha/mathalpha.sty
Package: mathalpha 2025/01/17 - 1.145mathalpha (License LPPL) Michael Sharpe

`mathalpha' v1.145, 2025/01/17, a renaming of mathalfa (msharpe)
LaTeX Font Info:    Overwriting math alphabet `\mathbb' in version `bold'
(Font)                  U/BOONDOX-ds/m/n --> U/BOONDOX-ds/b/n on input line 209
.
)
(/usr/local/texlive/2024/texmf-dist/tex/latex/tools/bm.sty
Package: bm 2023/12/19 v1.2f Bold Symbol Support (DPC/FMi)
\symboldoperators=\mathgroup6
\symboldletters=\mathgroup7
\symboldsymbols=\mathgroup8
Package bm Info: No bold for \OMX/lmex/m/n, using \pmb.
Package bm Info: No bold for \U/msa/m/n, using \pmb.
Package bm Info: No bold for \U/msb/m/n, using \pmb.
LaTeX Font Info:    Redeclaring math alphabet \mathbf on input line 149.
)
(/usr/local/texlive/2024/texmf-dist/tex/latex/tensind/tensind.sty
Package: tensind 1998/05/01 v1.1 Tensorial Indexes
\tsi@dimen=\dimen424
\primes=\dimen425
)
(/usr/local/texlive/2024/texmf-dist/tex/latex/mathfixs/mathfixs.sty
Package: mathfixs 2024/11/18 v1.12 various fixes for math mode
)
(/usr/local/texlive/2024/texmf-dist/tex/latex/delimset/delimset.sty
Package: delimset 2025/02/27 v2.2 convenient size control for delimiter sets
\dlm@size=\skip169
\delimsize=\skip170
\dlm@reg@lvl=\count638
)
(/usr/local/texlive/2024/texmf-dist/tex/latex/eqnlines/eqnlines.sty
Package: eqnlines 2025/02/25 v0.5 Single- and multi-line equations
\eql@regunset@=\skip171
\eql@flushleftmargin@=\dimen426
\eql@flushleftmarginmin@=\dimen427
\eql@flushleftmarginmax@=\dimen428
\eql@tagmargin@=\dimen429
\eql@indent@=\dimen430
\eql@paddingleft@=\dimen431
\eql@paddingright@=\dimen432
\eql@tagfuzz@=\dimen433
\eql@abovedisplayskip@=\skip172
\eql@belowdisplayskip@=\skip173
\eql@abovedisplaytagskip@=\skip174
\eql@belowdisplaytagskip@=\skip175
\eql@displayshortmode@=\count639
\eql@abovedisplaycontskip@=\skip176
\eql@abovedisplaytopskip@=\skip177
\eql@belowdisplaytopskip@=\skip178
\eql@abovedisplayparskip@=\skip179
\eql@abovedisplaymedskip@=\skip180
\eql@belowdisplaymedskip@=\skip181
\eql@colsepmin@=\dimen434
\eql@colsepmax@=\dimen435
\eql@tagwidthmin@=\dimen436
\eql@tagsepmin@=\dimen437
\eql@row@=\count640
\eql@totalrows@=\count641
\eql@colsep@=\dimen438
\eql@display@firstavail@=\dimen439
\eql@raisetag@firstlast@=\count642
\eql@fieldbox@=\box139
\eql@tagbox@=\box140
\eql@fieldwidth@=\dimen440
\eql@tagwidth@=\dimen441
\eql@line@height@=\dimen442
\eql@line@depth@=\dimen443
\eql@raisetag@amount@=\dimen444
\eql@numbering@refcount@=\count643
\eql@numbering@target@=\count644
\eql@displaybreak@pen@=\count645
\eql@displaybreak@prepen@=\count646
\eql@vspaceskip@=\skip182
\eql@abovespace@=\skip183
\eql@belowspace@=\skip184
\eql@strutbox@=\box141
\eql@halign@prevdepth@=\dimen445
\eql@shape@pos@=\count647
\eql@shape@amount@=\dimen446
\eql@marginleft@=\dimen447
\eql@marginright@=\dimen448
\eql@marginbadness@=\count648
\eql@maxbadness@=\count649
\eql@column@=\count650
\eql@totalcolumns@=\count651
\eql@totalwidth@=\dimen449
\eql@line@width@=\dimen450
\eql@line@avail@=\dimen451
\eql@line@pos@=\dimen452
\eql@align@inter@=\count652
\eql@scan@reg@=\toks72
))
(./preamble/math/fonts.tex
LaTeX Font Info:    Overwriting math alphabet `\mathsf' in version `bold'
(Font)                  OT1/lmss/bx/n --> T1/lmss/sbc/n on input line 5.
LaTeX Font Info:    Overwriting math alphabet `\mathsfit' in version `bold'
(Font)                  T1/lmss/m/sl --> T1/lmss/b/sl on input line 10.
\c@mv@sans=\count653
LaTeX Font Info:    Overwriting symbol font `operators' in version `sans'
(Font)                  OT1/cmr/m/n --> OT1/cmbr/m/n on input line 18.
LaTeX Font Info:    Overwriting symbol font `letters' in version `sans'
(Font)                  OML/cmm/m/it --> OML/cmbrm/m/it on input line 19.
LaTeX Font Info:    Overwriting symbol font `symbols' in version `sans'
(Font)                  OMS/cmsy/m/n --> OMS/cmbrs/m/n on input line 20.
LaTeX Font Info:    Overwriting symbol font `largesymbols' in version `sans'
(Font)                  OMX/cmex/m/n --> OMX/iwona/m/n on input line 21.
LaTeX Font Info:    Overwriting math alphabet `\mathit' in version `sans'
(Font)                  OT1/cmr/m/it --> OT1/cmbr/m/sl on input line 22.
LaTeX Font Info:    Overwriting math alphabet `\mathsf' in version `sans'
(Font)                  OT1/cmss/m/n --> OT1/lmss/m/n on input line 23.
LaTeX Font Info:    Overwriting math alphabet `\mathbf' in version `sans'
(Font)                  OT1/lmr/bx/n --> OT1/cmbr/bx/n on input line 24.
LaTeX Font Info:    Overwriting math alphabet `\mathtt' in version `sans'
(Font)                  OT1/cmtt/m/n --> OT1/cmtl/m/n on input line 25.
\c@mv@boldsans=\count654
LaTeX Font Info:    Overwriting symbol font `operators' in version `boldsans'
(Font)                  OT1/cmr/m/n --> OT1/cmbr/b/n on input line 29.
LaTeX Font Info:    Overwriting symbol font `letters' in version `boldsans'
(Font)                  OML/cmm/m/it --> OML/cmbrm/b/it on input line 30.
LaTeX Font Info:    Overwriting symbol font `largesymbols' in version `boldsans
'
(Font)                  OMX/cmex/m/n --> OMX/iwona/bx/n on input line 31.
LaTeX Font Info:    Overwriting math alphabet `\mathit' in version `boldsans'
(Font)                  OT1/cmr/m/it --> OT1/cmbr/b/sl on input line 32.
LaTeX Font Info:    Overwriting math alphabet `\mathsf' in version `boldsans'
(Font)                  OT1/cmss/m/n --> OT1/lmss/sbc/n on input line 33.
LaTeX Font Info:    Overwriting math alphabet `\mathbf' in version `boldsans'
(Font)                  > OT1/cmbr/bx/n on input line 34.
LaTeX Font Info:    Overwriting math alphabet `\mathtt' in version `boldsans'
(Font)                  OT1/cmtt/m/n --> OT1/cmtl/b/n on input line 35.
\symsfletters=\mathgroup9
\symsflettersbold=\mathgroup10
\symstmry=\mathgroup11
) (./preamble/math/macros.tex
LaTeX Font Info:    Redeclaring math symbol \setminus on input line 280.

(/usr/local/texlive/2024/texmf-dist/tex/latex/ytableau/ytableau.sty
Package: ytableau 2021/06/12 v1.4 Many-featured Young tableaux and Young diagra
ms
\tableaux@YT=\box142
\thistableau@YT=\box143
\refhtdp@YT=\box144
\toks@YT=\toks73
\opttoksa@YT=\toks74
\opttoksb@YT=\toks75
\boxdim@YT=\dimen453
\tableauwd@YT=\dimen454
\count@YT=\count655
)
\argumentbox=\box145

(/usr/local/texlive/2024/texmf-dist/tex/latex/accents/accents.sty
Package: accents 2006/05/12 v1.4 Math Accent Tools
\cc@skew=\dimen455
\cc@wd=\dimen456
\cc@code=\count656
\cc@group=\count657
\cc@skewchar=\count658
))
(./preamble/math/spacing.tex
\halfhphantomlength=\skip185
) (./preamble/environments/init.tex
(/usr/local/texlive/2024/texmf-dist/tex/latex/keytheorems/keytheorems.sty
Package: keytheorems 2025-01-22 v0.2.5 l3keys interface to amsthm

(/usr/local/texlive/2024/texmf-dist/tex/latex/oberdiek/aliascnt.sty
Package: aliascnt 2018/09/07 v1.5 Alias counters (HO)
)
(/usr/local/texlive/2024/texmf-dist/tex/latex/amscls/amsthm.sty
Package: amsthm 2020/05/29 v2.20.6
\thm@style=\toks76
\thm@bodyfont=\toks77
\thm@headfont=\toks78
\thm@notefont=\toks79
\thm@headpunct=\toks80
\thm@preskip=\skip186
\thm@postskip=\skip187
\thm@headsep=\skip188
\dth@everypar=\toks81
)
\l__keythms_tmpa_dim=\dimen457
\l__keythms_thm_currparindent_dim=\dimen458
\l__keythms_thm_currparskip_dim=\dimen459
\l__keythms_thm_tcbstate_int=\count659
\c@keythms_restate_dummyctr=\count660
\c@keythms_continues_dummyctr=\count661
\c@keythms_unnumbered_dummyctr=\count662
\c@keythms_manualnum_dummyctr=\count663
\l__keythms_thm_leftmargin_dim=\dimen460
\l__keythms_thm_rightmargin_dim=\dimen461
\keythms@listof@chaptervspace@dim=\dimen462
\l__keythms_listof_indent_dim=\dimen463
\l__keythms_listof_numwidth_dim=\dimen464
\g_keythms_listof_prevchapter_int=\count664
)
(/usr/local/texlive/2024/texmf-dist/tex/latex/tcolorbox/tcbskins.code.tex
Library (tcolorbox): 'tcbskins.code.tex' version '6.4.1'
(/usr/local/texlive/2024/texmf-dist/tex/latex/tikzfill/tikzfill.image.sty
Package: tikzfill.image 2023/08/08 v1.0.1 Image filling library for TikZ

(/usr/local/texlive/2024/texmf-dist/tex/latex/tikzfill/tikzfill-common.sty
Package: tikzfill-common 2023/08/08 v1.0.1 Auxiliary code for tikzfill
)
(/usr/local/texlive/2024/texmf-dist/tex/latex/tikzfill/tikzlibraryfill.image.co
de.tex
File: tikzlibraryfill.image.code.tex 2023/08/08 v1.0.1 Image filling library
\l__tikzfill_img_box=\box146
))
(/usr/local/texlive/2024/texmf-dist/tex/latex/tcolorbox/tcbskinsjigsaw.code.tex
Library (tcolorbox): 'tcbskinsjigsaw.code.tex' version '6.4.1'
))
(/usr/local/texlive/2024/texmf-dist/tex/latex/tcolorbox/tcbbreakable.code.tex
Library (tcolorbox): 'tcbbreakable.code.tex' version '6.4.1'
(/usr/local/texlive/2024/texmf-dist/tex/latex/pdfcol/pdfcol.sty
Package: pdfcol 2022-09-21 v1.7 Handle new color stacks for pdfTeX (HO)
)
Package pdfcol Info: New color stack `tcb@breakable' = 2 on input line 23.
\tcb@testbox=\box147
\tcb@totalupperbox=\box148
\tcb@totallowerbox=\box149

(/usr/local/texlive/2024/texmf-dist/tex/generic/iftex/ifluatex.sty
Package: ifluatex 2019/10/25 v1.5 ifluatex legacy package. Use iftex instead.
))
(/usr/local/texlive/2024/texmf-dist/tex/latex/tcolorbox/tcbtheorems.code.tex
Library (tcolorbox): 'tcbtheorems.code.tex' version '6.4.1'
)
\depthofj=\skip189
) (./preamble/environments/theorem-like.tex)
(./preamble/environments/remark-like.tex
\proofsmallsquare=\box150
LaTeX Font Info:    Trying to load font information for OT1+lmr on input line 4
3.

(/usr/local/texlive/2024/texmf-dist/tex/latex/lm/ot1lmr.fd
File: ot1lmr.fd 2015/05/01 v1.6.1 Font defs for Latin Modern
)
(/usr/local/texlive/2024/texmf-dist/tex/latex/lm/omllmm.fd
File: omllmm.fd 2015/05/01 v1.6.1 Font defs for Latin Modern
)
(/usr/local/texlive/2024/texmf-dist/tex/latex/lm/omslmsy.fd
File: omslmsy.fd 2015/05/01 v1.6.1 Font defs for Latin Modern
)
(/usr/local/texlive/2024/texmf-dist/tex/latex/lm/omxlmex.fd
File: omxlmex.fd 2015/05/01 v1.6.1 Font defs for Latin Modern
)
LaTeX Font Info:    External font `lmex10' loaded for size
(Font)              <12> on input line 43.

(/usr/local/texlive/2024/texmf-dist/tex/latex/amsfonts/umsa.fd
File: umsa.fd 2013/01/14 v3.01 AMS symbols A
)
(/usr/local/texlive/2024/texmf-dist/tex/latex/amsfonts/umsb.fd
File: umsb.fd 2013/01/14 v3.01 AMS symbols B
)
(/usr/local/texlive/2024/texmf-dist/tex/latex/cmbright/omlcmbrm.fd
File: omlcmbrm.fd 2005/04/13 v8.1 (WaS)
)
(/usr/local/texlive/2024/texmf-dist/tex/latex/stmaryrd/Ustmry.fd))
(./preamble/environments/todo-like.tex)
(./preamble/hacks/custom-reference-boxes.tex
\g__belan_pageref_int=\count665
) (./preamble/hacks/fix-qed.tex)
(./preamble/hacks/fix-hyperref.tex) (./preamble/hacks/floatrow-parskip.tex)
(./preamble/user/main.tex (./preamble/user/macros.tex
(/usr/local/texlive/2024/texmf-dist/tex/generic/hologo/hologo.sty
Package: hologo 2021-11-16 v1.15 A logo collection with bookmark support (HO)
)
(/usr/local/texlive/2024/texmf-dist/tex/latex/tools/xspace.sty
Package: xspace 2014/10/28 v1.13 Space after command names (DPC,MH)
))
(./preamble/user/math.tex)))
(/usr/local/texlive/2024/texmf-dist/tex/latex/subfiles/subfiles.sty
Package: subfiles 2020/11/14 v2.2 Multi-file projects (package)

(/usr/local/texlive/2024/texmf-dist/tex/latex/import/import.sty
Package: import 2020/04/01  v 6.2
))
Package csquotes Info: Checking for multilingual support...
Package csquotes Info: ... none found.
Package translations Info: No language package found. I am going to use `englis
h' as default language. on input line 23.

(./build/main.aux
\c@algpx@indentEndPage-0@totc=\count666
\c@algpx@indentEndPage-1@totc=\count667
\c@algpx@indentEndPage-2@totc=\count668
\c@algpx@indentEndPage-3@totc=\count669
\c@algpx@indentEndPage-4@totc=\count670
\c@algpx@indentEndPage-5@totc=\count671
\c@algpx@indentEndPage-6@totc=\count672
\c@algpx@indentEndPage-7@totc=\count673
\c@algpx@indentEndPage-8@totc=\count674
\c@algpx@indentEndPage-9@totc=\count675
\c@algpx@indentEndPage-10@totc=\count676
)
\openout1 = main.aux

LaTeX Font Info:    Checking defaults for OML/cmm/m/it on input line 23.
LaTeX Font Info:    ... okay on input line 23.
LaTeX Font Info:    Checking defaults for OMS/cmsy/m/n on input line 23.
LaTeX Font Info:    Checking defaults for OT1/cmr/m/n on input line 23.
LaTeX Font Info:    Checking defaults for T1/cmr/m/n on input line 23.
LaTeX Font Info:    Checking defaults for TS1/cmr/m/n on input line 23.
LaTeX Font Info:    Checking defaults for TU/lmr/m/n on input line 23.
LaTeX Font Info:    Checking defaults for OMX/cmex/m/n on input line 23.
LaTeX Font Info:    Checking defaults for U/cmr/m/n on input line 23.
LaTeX Font Info:    Checking defaults for PD1/pdf/m/n on input line 23.
LaTeX Font Info:    Checking defaults for PU/pdf/m/n on input line 23.

(/usr/local/texlive/2024/texmf-dist/tex/context/base/mkii/supp-pdf.mkii
[Loading MPS to PDF converter (version 2006.09.02).]
\scratchcounter=\count677
\scratchdimen=\dimen465
\scratchbox=\box151
\nofMPsegments=\count678
\nofMParguments=\count679
\everyMPshowfont=\toks82
\MPscratchCnt=\count680
\MPscratchDim=\dimen466
\MPnumerator=\count681
\makeMPintoPDFobject=\count682
\everyMPtoPDFconversion=\toks83
) (/usr/local/texlive/2024/texmf-dist/tex/latex/epstopdf-pkg/epstopdf-base.sty
Package: epstopdf-base 2020-01-24 v2.11 Base part for package epstopdf
Package epstopdf-base Info: Redefining graphics rule for `.eps' on input line 4
85.

(/usr/local/texlive/2024/texmf-dist/tex/latex/latexconfig/epstopdf-sys.cfg
File: epstopdf-sys.cfg 2010/07/13 v1.3 Configuration of (r)epstopdf for TeX Liv
e
))
Package microtype Info: Patching varwidth to enable character protrusion.
\MT@vwid@leftmargin=\dimen467
\MT@vwid@rightmargin=\dimen468
LaTeX Info: Redefining \microtypecontext on input line 23.
Package microtype Info: Applying patch `item' on input line 23.
Package microtype Info: Applying patch `toc' on input line 23.
Package microtype Info: Applying patch `eqnum' on input line 23.
Package microtype Info: Applying patch `footnote' on input line 23.
Package microtype Info: Applying patch `verbatim' on input line 23.
LaTeX Info: Redefining \microtypesetup on input line 23.
Package microtype Info: Generating PDF output.
Package microtype Info: Character protrusion enabled (level 2).
Package microtype Info: Using default protrusion set `alltext'.
Package microtype Info: Automatic font expansion enabled (level 2),
(microtype)             stretch: 20, shrink: 20, step: 1, non-selected.
Package microtype Info: Using default expansion set `alltext-nott'.
LaTeX Info: Redefining \showhyphens on input line 23.
Package microtype Info: No adjustment of tracking.
Package microtype Info: No adjustment of spacing.
Package microtype Info: No adjustment of kerning.

(/usr/local/texlive/2024/texmf-dist/tex/latex/microtype/mt-LatinModernRoman.cfg
File: mt-LatinModernRoman.cfg 2021/02/21 v1.1 microtype config. file: Latin Mod
ern Roman (RS)
)
(/usr/local/texlive/2024/texmf-dist/tex/latex/translations/translations-basic-d
ictionary-english.trsl
File: translations-basic-dictionary-english.trsl (english translation file `tra
nslations-basic-dictionary')
)
Package translations Info: loading dictionary `translations-basic-dictionary' f
or `english'. on input line 23.
Package caption Info: Begin \AtBeginDocument code.
Package caption Info: changepage package is loaded.
\caption@adjustwidth@hsize=\dimen469
\caption@adjustwidth@linewidth=\dimen470
Package caption Info: hyperref package is loaded.
Package caption Info: End \AtBeginDocument code.
Package hyperref Info: Link coloring OFF on input line 23.

(/usr/local/texlive/2024/texmf-dist/tex/latex/zref/zref-hyperref.sty
Package: zref-hyperref 2023-09-14 v2.35 Module hyperref for zref (HO)
Package zref Info: New property: anchor on input line 56.
)
(/usr/local/texlive/2024/texmf-dist/tex/latex/zref-clever/zref-clever-english.l
ang)

Package zref-clever Info: Loaded 'english' language file.

\c@zc@appendix=\count683
Package zref Info: New property: subeq on input line 23.

Package zref-clever Info: Loaded support for 'amsmath' package.


Package zref-clever Info: Loaded support for 'mathtools' package.

Package zref Info: New property: subref on input line 23.

Package pgfplots notification 'compat/show suggested version=true': document ha
s been generated with the most recent feature set (\pgfplotsset{compat=1.18}).

\@sidenotes@extrawidth=\skip190
*geometry* driver: auto-detecting
*geometry* detected driver: luatex
*geometry* verbose mode - [ preamble ] result:
* driver: luatex
* paper: custom
* layout: <same size as paper>
* layoutoffset:(h,v)=(0.0pt,0.0pt)
* hratio: 1:1
* modes: includehead 
* h-part:(L,W,R)=(92.47145pt, 412.56496pt, 92.47147pt)
* v-part:(T,H,B)=(72.0pt, 703.0pt, 70.04684pt)
* \paperwidth=597.50787pt
* \paperheight=845.04684pt
* \textwidth=412.56496pt
* \textheight=650.0pt
* \oddsidemargin=20.20146pt
* \evensidemargin=20.20146pt
* \topmargin=-0.26999pt
* \headheight=28.0pt
* \headsep=25.0pt
* \topskip=12.0pt
* \footskip=40.0pt
* \marginparwidth=0.0pt
* \marginparsep=0.0pt
* \columnsep=10.0pt
* \skip\footins=10.8pt plus 4.0pt minus 2.0pt
* \hoffset=0.0pt
* \voffset=0.0pt
* \mag=1000
* \@twocolumnfalse
* \@twosidefalse
* \@mparswitchfalse
* \@reversemarginfalse
* (1in=72.27pt=25.4mm, 1cm=28.453pt)

(/usr/local/texlive/2024/texmf-dist/tex/latex/fmtcount/fc-english.def
File: fc-english.def 2016/01/12
)
Package biblatex Info: Trying to load language 'english'...
Package biblatex Info: ... file 'english.lbx' found.

(/usr/local/texlive/2024/texmf-dist/tex/latex/biblatex/lbx/english.lbx
File: english.lbx 2024/03/21 v3.20 biblatex localization (PK/MW)
)
Package biblatex Info: LuaTeX detected.
(biblatex)             Assuming input encoding 'utf8'.
Package biblatex Info: Automatic encoding selection.
(biblatex)             Assuming data encoding 'utf8'.

\openout5 = main.bcf
Package biblatex Info: Trying to load bibliographic data...
Package biblatex Info: ... file 'main.bbl' found.

(./build/main.bbl
Package microtype Info: Loading generic protrusion settings for font family
(microtype)             `lmtt' (encoding: TU).
(microtype)             For optimal results, create family-specific settings.
(microtype)             See the microtype manual for details.
)
Package biblatex Info: Reference section=0 on input line 23.
Package biblatex Info: Reference segment=0 on input line 23.
<<sRGB.icc>> (./frontmatter/title.tex
<./frontmatter/img/MFF-logo.pdf, id=36, 506.46214pt x 156.49466pt>
File: ./frontmatter/img/MFF-logo.pdf Graphic file (type pdf)
<use ./frontmatter/img/MFF-logo.pdf>
Package luatex.def Info: ./frontmatter/img/MFF-logo.pdf  used on input line 7.
(luatex.def)             Requested size: 577.58841pt x 178.47977pt.
Package microtype Info: Loading generic protrusion settings for font family
(microtype)             `lmss' (encoding: TU).
(microtype)             For optimal results, create family-specific settings.
(microtype)             See the microtype manual for details.
Package microtype Info: Loading generic protrusion settings for font family
(microtype)             `lmr' (encoding: OT1).
(microtype)             For optimal results, create family-specific settings.
(microtype)             See the microtype manual for details.

(/usr/local/texlive/2024/texmf-dist/tex/latex/microtype/mt-msa.cfg
File: mt-msa.cfg 2006/02/04 v1.1 microtype config. file: AMS symbols (a) (RS)
)
(/usr/local/texlive/2024/texmf-dist/tex/latex/microtype/mt-msb.cfg
File: mt-msb.cfg 2005/06/01 v1.0 microtype config. file: AMS symbols (b) (RS)
)
Overfull \hbox (21.30305pt too wide) in paragraph at lines 39--48
 [] 
 []



[1

{/usr/local/texlive/2024/texmf-var/fonts/map/pdftex/updmap/pdftex.map}<./frontma
tter/img/MFF-logo.pdf>]) (./frontmatter/declaration.tex

[2

]) (./frontmatter/dedication.tex) (./frontmatter/information.tex

[3

]
> Step: init table outer spec.
> Step: parse table options.
> Step: split table.
> Step: init table inner spec.
> Step: parse table inner spec.
> Step: execute table commands.
> Step: calculate cell and line sizes.
> Step: build the whole table.
)

[4

] (/usr/local/texlive/2024/texmf-dist/tex/latex/tex-gyre/t1qzc.fd
File: t1qzc.fd 2009/09/25 v1.2 font definition file for T1/qzc
)
Package microtype Info: Loading generic protrusion settings for font family
(microtype)             `qzc' (encoding: T1).
(microtype)             For optimal results, create family-specific settings.
(microtype)             See the microtype manual for details.

(./build/main.toc

[5

])
\tf@toc=\write6

\openout6 = main.toc


[6]
*geometry* verbose mode - [ newgeometry ] result:
* driver: luatex
* paper: custom
* layout: <same size as paper>
* layoutoffset:(h,v)=(0.0pt,0.0pt)
* modes: includehead 
* h-part:(L,W,R)=(42.0pt, 320.0pt, 235.50787pt)
* v-part:(T,H,B)=(72.0pt, 703.0pt, 70.04684pt)
* \paperwidth=597.50787pt
* \paperheight=845.04684pt
* \textwidth=320.0pt
* \textheight=650.0pt
* \oddsidemargin=-30.26999pt
* \evensidemargin=-30.26999pt
* \topmargin=-0.26999pt
* \headheight=28.0pt
* \headsep=25.0pt
* \topskip=12.0pt
* \footskip=40.0pt
* \marginparwidth=180.0pt
* \marginparsep=20.0pt
* \columnsep=10.0pt
* \skip\footins=10.8pt plus 4.0pt minus 2.0pt
* \hoffset=0.0pt
* \voffset=0.0pt
* \mag=1000
* \@twocolumnfalse
* \@twosidefalse
* \@mparswitchfalse
* \@reversemarginfalse
* (1in=72.27pt=25.4mm, 1cm=28.453pt)

 (./chapters/introduction.tex
Overfull \hbox (4.95065pt too wide) in paragraph at lines 13--14
\TU/lmr/m/n/12 Implicit La-grangian Voronoi Ap-prox-i-ma-tion method (SILVA)
 []


Underfull \vbox (badness 10000) has occurred while \output is active []



[7


])

[8] (./chapters/oro_flows.tex
Chapter 1.
<./figures/oro_flows/clouds.png, id=456, 1110.0672pt x 832.5504pt>
File: ./figures/oro_flows/clouds.png Graphic file (type png)
<use ./figures/oro_flows/clouds.png>
Package luatex.def Info: ./figures/oro_flows/clouds.png  used on input line 26.

(luatex.def)             Requested size: 320.0pt x 239.99791pt.


[1


]
<./figures/oro_flows/fohn.png, id=482, 932.7648pt x 624.4128pt>
File: ./figures/oro_flows/fohn.png Graphic file (type png)
<use ./figures/oro_flows/fohn.png>
Package luatex.def Info: ./figures/oro_flows/fohn.png  used on input line 46.
(luatex.def)             Requested size: 320.0pt x 214.21262pt.

Underfull \hbox (badness 1888) in paragraph at lines 55--55
[]$[][]$ \TU/lmr/m/n/12 Our model does not in-clude
 []



[2<./figures/oro_flows/clouds.png>]
LaTeX Font Info:    Font shape `U/BOONDOX-ds/m/n' will be
(Font)              scaled to size 12.0pt on input line 77.


[3<./figures/oro_flows/fohn.png>]
warning  (pdf backend): ignoring duplicate destination with the name 'inparaenum
i.1'

warning  (pdf backend): ignoring duplicate destination with the name 'inparaenum
i.2'

warning  (pdf backend): ignoring duplicate destination with the name 'inparaenum
i.1'

warning  (pdf backend): ignoring duplicate destination with the name 'inparaenum
i.2'


[4]

[5]
Overfull \hbox (20.97786pt too wide) in paragraph at lines 166--167
[]\TU/lmr/m/n/12 where we have used the ther-mal equa-tion of state [][][][][][
]
 []



[6]
Overfull \hbox (7.36641pt too wide) in paragraph at lines 219--220
[]\TU/lmr/m/n/12 Let us look for \TU/lmr/m/sl/12 sta-tion-ary so-lu-tions of \T
U/lmr/m/n/12 the sys-tem [][][][][][]
 []



[7]
Overfull \hbox (5.02425pt too wide) in paragraph at lines 248--249
\TU/lmr/m/n/12 spec-i-fied. Us-ing the ther-mal equa-tion of state [][][][][][]

 []



[8]

[9]
Overfull \hbox (2.84831pt too wide) in paragraph at lines 310--311
[]\TU/lmr/m/n/12 Now we in-tro-duce an ap-prox-i-ma-tion based on \TU/lmr/m/sl/
12 order-of-magnitude
 []


Underfull \hbox (badness 4366) in paragraph at lines 316--316
\TU/lmr/m/n/12 tro-duced his ap-prox-i-ma-tion to
 []


Underfull \hbox (badness 2343) in paragraph at lines 316--316
\TU/lmr/m/n/12 Rayleigh fa-mously used Boussi-
 []



[10]
Overfull \hbox (30.31953pt too wide) in paragraph at lines 340--341
[]\TU/lmr/m/n/12 Us-ing these scal-ing re-la-tions, the bal-ance of mass [][][]
[][][]
 []



[11]
Overfull \hbox (32.2133pt too wide) in paragraph at lines 365--366
\TU/lmr/m/n/12 nesq ap-prox-i-ma-tion for the po-ten-tial tem-per-a-ture [][][]
[][][].
 []



[12]

[13]

[14]
warning  (pdf backend): ignoring duplicate destination with the name 'inparaenum
i.1'

warning  (pdf backend): ignoring duplicate destination with the name 'inparaenum
i.2'
Missing character: There is no − (U+2212) in font rm-lmr12!

Underfull \hbox (badness 1383) in paragraph at lines 518--518
\TU/lmr/m/n/12 be thought of as per-form-ing a
 []



[15]
Overfull \hbox (21.25159pt too wide) in paragraph at lines 534--535
\TU/lmr/m/n/12 pres-sion [][][][][][]. In to-tal, the sys-tem [][][][][][]
 []



[16]

[17]
Underfull \hbox (badness 2600) in paragraph at lines 608--608
[]$[][]$ \TU/lmr/m/n/12 If $\OML/lmm/m/it/12 m$ \TU/lmr/m/n/12 has a nonzero ima
g-i-
 []


Underfull \hbox (badness 1308) in paragraph at lines 608--608
\TU/lmr/m/n/12 nary part, then $\OML/lmm/m/it/12 m \OT1/lmr/m/n/12 = [] \OML/lm
m/m/it/12 m \OT1/lmr/m/n/12 +
 []


Underfull \hbox (badness 4120) in paragraph at lines 608--608
[]\OML/lmm/m/it/12 { [] m$\TU/lmr/m/n/12 , and so $[]\OT1/lmr/m/n/12 (\OMS/lmsy
/m/n/12 []\OML/lmm/m/it/12 {mz\OT1/lmr/m/n/12 ) =
 []



[18]

[19]

[20]
Overfull \hbox (30.80154pt too wide) detected at line 740
[]
 []



[21]
<./figures/oro_flows/wave.png, id=780, 677.53125pt x 376.40625pt>
File: ./figures/oro_flows/wave.png Graphic file (type png)
<use ./figures/oro_flows/wave.png>
Package luatex.def Info: ./figures/oro_flows/wave.png  used on input line 758.
(luatex.def)             Requested size: 320.0pt x 177.78397pt.
) (./chapters/modelling.tex

[22<./figures/oro_flows/wave.png>]
Chapter 2.
Package pgfplots info on input line 41: Overriding colorspace to rgb due to xco
lor configuration.


[23

]

[24]
Overfull \hbox (19.52425pt too wide) in paragraph at lines 150--151
[]\TU/lmr/m/n/12 For $\OT1/lmr/bx/n/12 n \OMS/lmsy/m/n/12 2 \U/BOONDOX-ds/m/n/1
2 R[]\OML/lmm/m/it/12 ; []\OT1/lmr/bx/n/12 n[] \OT1/lmr/m/n/12 = 1$ \TU/lmr/m/n
/12 the quan-tity $\OT1/lmr/bx/n/12 P[][] \OT1/lmr/m/n/12 = \OT1/lmr/bx/n/12 F[
][]n \OT1/lmr/m/n/12 = [][] \OT1/lmr/bx/n/12 f[][][]\OML/lmm/m/it/12 n[]$
 []



[25]

[26]

[27]

[28]
<./figures/modelling/terrain_following.png, id=887, 421.575pt x 316.18124pt>
File: ./figures/modelling/terrain_following.png Graphic file (type png)
<use ./figures/modelling/terrain_following.png>
Package luatex.def Info: ./figures/modelling/terrain_following.png  used on inp
ut line 226.
(luatex.def)             Requested size: 272.00195pt x 204.00528pt.


[29]
Overfull \hbox (4.76793pt too wide) in paragraph at lines 247--248
[]\TU/lmr/m/n/12 Sup-pose now that we wish to \TU/lmr/m/sl/12 nu-mer-i-cally \T
U/lmr/m/n/12 solve the \TU/lmr/m/sl/12 non-stationary
 []



[30<./figures/modelling/terrain_following.png>]) (./chapters/sph.tex

[31]
Chapter 3.

Underfull \hbox (badness 1371) in paragraph at lines 12--12
[]$[][]$ \TU/lmr/m/n/12 They ar-gued that the treat-
 []


warning  (pdf backend): ignoring duplicate destination with the name 'inparaenum
i.1'

warning  (pdf backend): ignoring duplicate destination with the name 'inparaenum
i.2'

warning  (pdf backend): ignoring duplicate destination with the name 'inparaenum
i.1'

warning  (pdf backend): ignoring duplicate destination with the name 'inparaenum
i.2'


[32
warning  (pdf backend): ignoring duplicate destination with the name 'inparaenum
i.3'

]
Overfull \hbox (12.13925pt too wide) in paragraph at lines 49--50
[]\TU/lmr/m/n/12 To ob-tain a good ap-prox-i-ma-tion, the ker-nel must sat-isfy [][][][][][]
 []


Overfull \hbox (142.61266pt too wide) in paragraph at lines 55--68
 [][] 
 []



[33]
Underfull \hbox (badness 1005) in paragraph at lines 80--80
[]$[][]$ \TU/lmr/m/n/12 In the class of pos-i-tive def-i-
 []


Underfull \hbox (badness 1748) in paragraph at lines 80--80
\TU/lmr/m/n/12 smooth-ness and di-men-sion, the
 []

<./figures/sph/kernel.png, id=989, 1053.9375pt x 451.6875pt>
File: ./figures/sph/kernel.png Graphic file (type png)
<use ./figures/sph/kernel.png>
Package luatex.def Info: ./figures/sph/kernel.png  used on input line 92.
(luatex.def)             Requested size: 320.0pt x 137.14073pt.


[34<./figures/sph/kernel.png>]

[35]
Underfull \hbox (badness 10000) in paragraph at lines 142--142
[]$[][]$ \TU/lmr/m/n/12 De-ploy-ing tech-niques from
 []


Underfull \hbox (badness 1590) in paragraph at lines 142--142
\TU/lmr/m/n/12 Fourier anal-y-sis and the Euler-
 []


warning  (pdf backend): ignoring duplicate destination with the name 'inparaenum
i.1'

warning  (pdf backend): ignoring duplicate destination with the name 'inparaenum
i.2'


[36]
Overfull \hbox (13.86569pt too wide) detected at line 187
[]
 []



[37]
Overfull \hbox (58.17142pt too wide) detected at line 199
[]
 []


Overfull \hbox (33.91505pt too wide) detected at line 199
[]
 []



[38]
Overfull \hbox (43.90729pt too wide) in paragraph at lines 226--227
[]\TU/lmr/m/n/12 The naive dis-cretiza-tions [][][][][][] and [][][][][][]
 []


Overfull \hbox (0.1925pt too wide) detected at line 249
[]
 []



[39]
Overfull \hbox (25.60927pt too wide) detected at line 274
[]
 []



[40]
Overfull \hbox (3.711pt too wide) in paragraph at lines 299--300
\TU/lmr/m/n/12 Let us ap-ply the \TU/lmr/m/sl/12 im-proved \TU/lmr/m/n/12 dis-cr
ete gra-di-ent [][][][][][]
 []



[41]
Overfull \hbox (23.727pt too wide) detected at line 324
[]
 []



[42]
Underfull \hbox (badness 1371) in paragraph at lines 390--390
\TU/lmr/m/n/12 a mixed ob-ject: it is the Eu-
 []


Underfull \hbox (badness 2368) in paragraph at lines 390--390
\TU/lmr/m/n/12 le-rian mo-men-tum ex-pressed us-
 []


Underfull \hbox (badness 2310) in paragraph at lines 390--390
\TU/lmr/m/n/12 La-grangiam vol-ume. It holds
 []



[43]
Overfull \hbox (20.62755pt too wide) detected at line 413
[]$[][][] \OT1/lmr/m/n/12 = \OML/lmm/m/it/12 F[][][] \OT1/lmr/m/n/12 + [][][]\O
ML/lmm/m/it/12 G:$ 
 []


Overfull \hbox (13.30432pt too wide) detected at line 426
[]$[][] \OT1/lmr/m/n/12 = \OML/lmm/m/it/12 @[]E[] \OT1/lmr/m/n/12 + [][][] = \O
ML/lmm/m/it/12 @[]E[];$ 
 []



[44]
warning  (pdf backend): ignoring duplicate destination with the name 'inparaenum
i.1'

warning  (pdf backend): ignoring duplicate destination with the name 'inparaenum
i.2'

warning  (pdf backend): ignoring duplicate destination with the name 'inparaenum
i.1'

warning  (pdf backend): ignoring duplicate destination with the name 'inparaenum
i.2'


[45]
Overfull \hbox (46.38889pt too wide) detected at line 492
[]$\OT1/lmr/m/n/12 = [] []  [][] [] +$ 
 []


Overfull \hbox (39.37477pt too wide) detected at line 492
[]$\OMS/lmsy/m/n/12 ^^@ [] []  [][] [] \OML/lmm/m/it/12 :$ 
 []



[46]

[47]
Overfull \hbox (9.24593pt too wide) detected at line 524
[]$[][][] [][]\OT1/lmr/m/n/12 = [][][]\OML/lmm/m/it/12 ;$ 
 []


Overfull \hbox (53.23851pt too wide) detected at line 562
[]$\OML/lmm/m/it/12 E[] \OT1/lmr/m/n/12 = [][][] = [][][]\OML/lmm/m/it/12 :$ 
 []



[48]
Overfull \hbox (22.07202pt too wide) detected at line 578
[]
 []



[49]
Overfull \hbox (12.31589pt too wide) detected at line 638
[]
 []


Underfull \vbox (badness 1097) has occurred while \output is active []



[50]
Overfull \hbox (12.16333pt too wide) in paragraph at lines 650--651
[][][][][][]\TU/lmr/m/n/12 , as the Pois-son bracket [][][][][][]
 []


Overfull \hbox (36.09473pt too wide) detected at line 655
[]
 []



[51]
Overfull \hbox (7.06734pt too wide) in paragraph at lines 691--692
\TU/lmr/m/n/12 We have in-tro-duced the clas-si-cal SPH for-mu-la-tion [][][][]
[][]
 []


Overfull \hbox (17.26671pt too wide) in paragraph at lines 691--692
\TU/lmr/m/n/12 and de-cided to use the kernel-summed den-sity [][][][][][],
 []



[52]

[53]
Overfull \hbox (16.77641pt too wide) detected at line 725
[]$\OT1/lmr/m/n/12 [][][] [][]= [] \OMS/lmsy/m/n/12 ^^@ \OML/lmm/m/it/12 N[] \
OT1/lmr/m/n/12 = 0\OML/lmm/m/it/12 ;  \OMS/lmsy/m/n/12 2 f\OT1/lmr/m/n/12 1\OM
L/lmm/m/it/12 ; [] ; N\OMS/lmsy/m/n/12 g\OML/lmm/m/it/12 ;$ 
 []



[54]
Overfull \hbox (13.99551pt too wide) in paragraph at lines 737--738
[]\TU/lmr/m/n/12 To com-pute the deriva-tives of the La-grangian [][][][][][],
 []



[55]
Overfull \hbox (15.04729pt too wide) detected at line 795
[]
 []



[56]

[57]

[58]
Overfull \hbox (6.74751pt too wide) in paragraph at lines 889--890
\TU/lmr/m/n/12 The gen-eral La-grangian for-mu-la-tion of SPH [][][][][][],
 []


Overfull \hbox (59.66277pt too wide) in paragraph at lines 903--904
[]\TU/lmr/m/n/12 For $\OML/lmm/m/it/12 x[] \OT1/lmr/m/n/12 = \OML/lmm/m/it/12 m[]$ \TU/lmr/m/n/12 we ob-tain ex-actly the sum-ma-tion den-sity [][][][][][],
 []



[59]
Overfull \hbox (7.93001pt too wide) in paragraph at lines 953--954
[]\TU/lmr/m/n/12 The deriva-tives $[] \OML/lmm/m/it/12 ; \OMS/lmsy/m/n/12 r[][]
\OML/lmm/m/it/12 V[]$ \TU/lmr/m/n/12 have the ex-act same form as $[] \OML/lmm/
m/it/12 ; \OMS/lmsy/m/n/12 r[]\OML/lmm/m/it/12 V[]$\TU/lmr/m/n/12 . 
 []


Overfull \hbox (16.70146pt too wide) in paragraph at lines 955--956
[]\TU/lmr/m/n/12 The above re-sults can then be sub-sti-tuted into [][][][][][]

 []


Overfull \hbox (9.18446pt too wide) in paragraph at lines 955--956
\TU/lmr/m/n/12 and af-ter a lengthy al-ge-braic ma-nip-u-la-tion one ar-rives at
 [][][][][][] 
 []


Overfull \hbox (6.53252pt too wide) detected at line 960
[]
 []



[60]
Overfull \hbox (53.9541pt too wide) in paragraph at lines 990--991
[]\TU/lmr/m/n/12 Choos-ing $\OML/lmm/m/it/12 x[] \OT1/lmr/m/n/12 = []\OML/lmm/m
/it/12 x[] \OT1/lmr/m/n/12 = \OML/lmm/m/it/12 m[]$ \TU/lmr/m/n/12 as the kernel-
sum weights in [][][][][][],
 []


Overfull \hbox (3.2055pt too wide) in paragraph at lines 996--997
\TU/lmr/m/n/12 equal to each other, the $\OMS/lmsy/m/n/12 r\OML/lmm/m/it/12 h$ 
\TU/lmr/m/n/12 cor-rec-tion term [][][][][][]
 []


Overfull \hbox (35.597pt too wide) detected at line 1001
[]$\OML/lmm/m/it/12 f[] \OT1/lmr/m/n/12 = 1 \OMS/lmsy/m/n/12 ^^@ [] [][][][][] 
\OT1/lmr/m/n/12 = [][][] \OMS/lmsy/m/n/12  \OML/lmm/m/it/12 f[]$ 
 []


Overfull \hbox (70.86353pt too wide) in paragraph at lines 1005--1006
[]\TU/lmr/m/n/12 To-gether with [][][][][][], the gov-ern-ing equa-tions [][][]
[][][],
 []


Overfull \hbox (4.29684pt too wide) detected at line 1012
[]
 []



[61]

[62]
Overfull \hbox (54.86786pt too wide) in paragraph at lines 1069--1070
[]\TU/lmr/m/n/12 With these choices, the sys-tem of gov-ern-ing equa-tions [][]
[][][][],
 []


Overfull \hbox (31.1719pt too wide) detected at line 1077
[]
 []


Overfull \hbox (12.27065pt too wide) in paragraph at lines 1082--1083
\TU/lmr/m/n/12 The pressure-entropy for-mu-la-tion [][][][][][] uses the entropy
-
 []



[63]

[64]
Overfull \hbox (38.3664pt too wide) in paragraph at lines 1124--1125
[]\TU/lmr/m/n/12 Rewrit-ing the weights [][][][][][] us-ing [][][][][][],
 []


Overfull \hbox (25.3923pt too wide) detected at line 1150
[]$[] \OT1/lmr/m/n/12 = \OMS/lmsy/m/n/12 ^^@ [] [] \OML/lmm/m/it/12 m[][][][]
[]:$ 
 []



[65]
Overfull \hbox (20.72163pt too wide) in paragraph at lines 1173--1174
[]\TU/lmr/m/n/12 Sub-sti-tut-ing this into the mo-men-tum equa-tion [][][][][][
],
 []


Overfull \hbox (21.555pt too wide) in paragraph at lines 1193--1194
\TU/lmr/m/n/12 and the con-stants sim-plify fur-ther. Sub-sti-tut-ing $[]\OML/l
mm/m/it/12 [] \OT1/lmr/m/n/12 = (\OML/lmm/m/it/12 p[]=R\OT1/lmr/m/n/12 )[]$
 []


Overfull \hbox (39.43755pt too wide) detected at line 1202
[]
 []



[66]

[67]

[68]

[69]

[70]
Overfull \hbox (53.29816pt too wide) detected at line 1346
[]$\OT1/lmr/bx/n/12 F[][][] \OT1/lmr/m/n/12 = [] \OML/lmm/m/it/12 m[][][][][][]
:$ 
 []



[71]
Overfull \hbox (64.55162pt too wide) in paragraph at lines 1377--1378
[]\TU/lmr/m/n/12 In-tro-duce $\OT1/lmr/bx/n/12 F[][][]$ \TU/lmr/m/n/12 as the pr
es-sure gra-di-ent force from [][][][][][] 
 []


Overfull \hbox (44.18594pt too wide) detected at line 1382
[]$\OT1/lmr/bx/n/12 F[][][] \OT1/lmr/m/n/12 = [] [] \OML/lmm/m/it/12 m[][][][
][]:$ 
 []



[72]
Overfull \hbox (4.81154pt too wide) in paragraph at lines 1391--1392
[][]\OML/lmm/m/it/12 ; p[] \OT1/lmr/m/n/12 = [][]$\TU/lmr/m/n/12 , then also the
 dis-crete gra-di-ents [][][][][][]
 []

) (./chapters/silva.tex

[73]
Chapter 4.

Underfull \hbox (badness 10000) in paragraph at lines 6--6
[]$[][]$ \TU/lmr/m/n/12 In our pre-sen-ta-tion in
 []


Underfull \hbox (badness 10000) in paragraph at lines 6--6
[][][][][][] \TU/lmr/m/n/12 only the com-
 []


Underfull \hbox (badness 4013) in paragraph at lines 6--6
\TU/lmr/m/n/12 For the SPH dis-cretiza-tion of
 []


Underfull \hbox (badness 2538) in paragraph at lines 6--6
\TU/lmr/m/n/12 equa-tions that gov-ern flows of
 []


Overfull \hbox (8.48709pt too wide) in paragraph at lines 6--7
\TU/lmr/m/n/12 The Smoothed Par-ti-cle Hy-dro-dy-nam-ics method of [][][][][][]

 []



[74

]

[75]

[76]

[77]
Underfull \hbox (badness 1824) in paragraph at lines 90--90
[]$[][]$ \TU/lmr/m/n/12 Root-mean-square ve-loc-ity is
 []

<./figures/silva/stationary/stationary_norms_silva.png, id=1639, 677.53125pt x 
376.40625pt>
File: ./figures/silva/stationary/stationary_norms_silva.png Graphic file (type 
png)
<use ./figures/silva/stationary/stationary_norms_silva.png>
Package luatex.def Info: ./figures/silva/stationary/stationary_norms_silva.png 
 used on input line 93.
(luatex.def)             Requested size: 320.0pt x 177.78397pt.
<./figures/silva/stationary/residual_field_silva.png, id=1642, 752.8125pt x 391
.4625pt>
File: ./figures/silva/stationary/residual_field_silva.png Graphic file (type pn
g)
<use ./figures/silva/stationary/residual_field_silva.png>
Package luatex.def Info: ./figures/silva/stationary/residual_field_silva.png  u
sed on input line 103.
(luatex.def)             Requested size: 320.0pt x 166.4022pt.

Underfull \vbox (badness 2213) has occurred while \output is active []



[78<./figures/silva/stationary/stationary_norms_silva.png>]
warning  (pdf backend): ignoring duplicate destination with the name 'inparaenum
i.1'

warning  (pdf backend): ignoring duplicate destination with the name 'inparaenum
i.2'

warning  (pdf backend): ignoring duplicate destination with the name 'inparaenum
i.3'
<./figures/silva/stationary/residual_profile_silva.png, id=1660, 511.9125pt x 4
66.74374pt>
File: ./figures/silva/stationary/residual_profile_silva.png Graphic file (type 
png)
<use ./figures/silva/stationary/residual_profile_silva.png>
Package luatex.def Info: ./figures/silva/stationary/residual_profile_silva.png 
 used on input line 111.
(luatex.def)             Requested size: 320.0pt x 291.76398pt.

Underfull \vbox (badness 10000) has occurred while \output is active []



[79<./figures/silva/stationary/residual_field_silva.png>]
<./figures/silva/stationary/residual_convergence_silva.png, id=1672, 677.53125p
t x 436.63126pt>
File: ./figures/silva/stationary/residual_convergence_silva.png Graphic file (t
ype png)
<use ./figures/silva/stationary/residual_convergence_silva.png>
Package luatex.def Info: ./figures/silva/stationary/residual_convergence_silva.
png  used on input line 121.
(luatex.def)             Requested size: 320.0pt x 206.2294pt.

Underfull \vbox (badness 10000) has occurred while \output is active []



[80<./figures/silva/stationary/residual_profile_silva.png>]
warning  (pdf backend): ignoring duplicate destination with the name 'inparaenum
i.1'

warning  (pdf backend): ignoring duplicate destination with the name 'inparaenum
i.2'

warning  (pdf backend): ignoring duplicate destination with the name 'inparaenum
i.3'
) (./chapters/implementation.tex

[81<./figures/silva/stationary/residual_convergence_silva.png>]
Chapter 5.


[82

]
Overfull \hbox (30.63422pt too wide) in paragraph at lines 21--22
\TU/lmr/m/n/12 Par-ti-cles are dis-tributed at ini-tial-iza-tion by the \TU/lmt
t/m/n/12 generate_particles!
 []

Package hyperref Info: bookmark level for unknown algorithm defaults to 0 on in
put line 32.
\c@algpx@indentEndPage-0=\count684
(/usr/local/texlive/2024/texmf-dist/tex/latex/cmbright/ot1cmbr.fd
File: ot1cmbr.fd 2005/04/13 v8.1 (WaS)
)
Package microtype Info: Loading generic protrusion settings for font family
(microtype)             `cmbr' (encoding: OT1).
(microtype)             For optimal results, create family-specific settings.
(microtype)             See the microtype manual for details.

(/usr/local/texlive/2024/texmf-dist/tex/latex/cmbright/omscmbrs.fd
File: omscmbrs.fd 2005/04/13 v8.1 (WaS)
)
(/usr/local/texlive/2024/texmf-dist/tex/latex/iwona/omxiwona.fd
File: omxiwona.fd 2008/07/22 v0.995 font definition file for OMX/iwona (MW)
)
\c@algpx@indentEndPage-1=\count685
\c@algpx@indentEndPage-2=\count686
\c@algpx@indentEndPage-3=\count687


Package tcolorbox Warning: The upper box part has become overfull on input line
 49.


Package tcolorbox Warning: The upper box part has become overfull on input line
 49.



[83]
Underfull \vbox (badness 10000) has occurred while \output is active []



[84]
\c@algpx@indentEndPage-4=\count688
\c@algpx@indentEndPage-5=\count689
\c@algpx@indentEndPage-6=\count690
\c@algpx@indentEndPage-7=\count691

Overfull \hbox (9.83086pt too wide) in paragraph at lines 80--80
[]$\OML/lmm/m/it/12 h[] \OMS/lmsy/m/n/12   []  [] []\OT1/lmr/m/n/12 (\OML/lmm/m
/it/12 h[];  \OT1/lmr/m/n/12 0\OML/lmm/m/it/12 :\OT1/lmr/m/n/12 8 \OML/lmm/m/it
/12 h[];  \OT1/lmr/m/n/12 1\OML/lmm/m/it/12 :\OT1/lmr/m/n/12 2 \OML/lmm/m/it/12
 h[]\OT1/lmr/m/n/12 )\OML/lmm/m/it/12 ;  h[][]$
 []


Overfull \hbox (9.83086pt too wide) detected at line 81
[]$\OML/lmm/m/it/12 h[] \OMS/lmsy/m/n/12   []  [] []\OT1/lmr/m/n/12 (\OML/lmm/m
/it/12 h[];  \OT1/lmr/m/n/12 0\OML/lmm/m/it/12 :\OT1/lmr/m/n/12 8 \OML/lmm/m/it
/12 h[];  \OT1/lmr/m/n/12 1\OML/lmm/m/it/12 :\OT1/lmr/m/n/12 2 \OML/lmm/m/it/12
 h[]\OT1/lmr/m/n/12 )\OML/lmm/m/it/12 ;  h[][]$
 []



[85]

[86]
\c@algpx@indentEndPage-8=\count692
\c@algpx@indentEndPage-9=\count693
\c@algpx@indentEndPage-10=\count694

Underfull \hbox (badness 10000) in paragraph at lines 121--122
| []$\OML/lmm/m/it/12 .$ \TU/lmr/m/it/12 free slip,
 []



[87]
Underfull \vbox (badness 10000) has occurred while \output is active []



[88]) (./chapters/experiments.tex

[89]
Chapter 6.

Underfull \hbox (badness 7649) in paragraph at lines 6--6
[]$[][]$ \TU/lmr/m/n/12 The nu-mer-i-cal ex-per-i-ments
 []

> Step: init table outer spec.
> Step: parse table options.
> Step: split table.
> Step: init table inner spec.
> Step: parse table inner spec.
> Step: execute table commands.
> Step: calculate cell and line sizes.
> Step: build the whole table.
> Step: init table outer spec.
> Step: parse table options.
> Step: split table.
> Step: init table inner spec.
> Step: parse table inner spec.
> Step: execute table commands.
> Step: calculate cell and line sizes.
> Step: build the whole table.
> Step: init table outer spec.
> Step: parse table options.
> Step: split table.
> Step: init table inner spec.
> Step: parse table inner spec.
> Step: execute table commands.
> Step: calculate cell and line sizes.
> Step: build the whole table.
> Step: init table outer spec.
> Step: parse table options.
> Step: split table.
> Step: init table inner spec.
> Step: parse table inner spec.
> Step: execute table commands.
> Step: calculate cell and line sizes.

Package tabularray Warning: Table width is too small, need 101.74675pt more!

> Step: build the whole table.

Overfull \hbox (101.74675pt too wide) in paragraph at lines 97--100
 [][] 
 []


Underfull \vbox (badness 3098) has occurred while \output is active []



[90

]

[91]
<./figures/experiments/stationary_norms_SPH.png, id=1842, 677.53125pt x 376.406
25pt>
File: ./figures/experiments/stationary_norms_SPH.png Graphic file (type png)
<use ./figures/experiments/stationary_norms_SPH.png>
Package luatex.def Info: ./figures/experiments/stationary_norms_SPH.png  used o
n input line 129.
(luatex.def)             Requested size: 320.0pt x 177.78397pt.
<./figures/experiments/stationary_norms_PTH.png, id=1843, 677.53125pt x 376.406
25pt>
File: ./figures/experiments/stationary_norms_PTH.png Graphic file (type png)
<use ./figures/experiments/stationary_norms_PTH.png>
Package luatex.def Info: ./figures/experiments/stationary_norms_PTH.png  used o
n input line 138.
(luatex.def)             Requested size: 320.0pt x 177.78397pt.

Underfull \vbox (badness 10000) has occurred while \output is active []



[92]

[93<./figures/experiments/stationary_norms_SPH.png><./figures/experiments/statio
nary_norms_PTH.png>]
<./figures/experiments/standard_SPH.png, id=1869, 752.8125pt x 263.48438pt>
File: ./figures/experiments/standard_SPH.png Graphic file (type png)
<use ./figures/experiments/standard_SPH.png>
Package luatex.def Info: ./figures/experiments/standard_SPH.png  used on input 
line 156.
(luatex.def)             Requested size: 320.0pt x 112.00148pt.
<./figures/experiments/standard_PTH.png, id=1870, 752.8125pt x 263.48438pt>
File: ./figures/experiments/standard_PTH.png Graphic file (type png)
<use ./figures/experiments/standard_PTH.png>
Package luatex.def Info: ./figures/experiments/standard_PTH.png  used on input 
line 165.
(luatex.def)             Requested size: 320.0pt x 112.00148pt.
<./figures/experiments/well_balanced_SPH.png, id=1871, 752.8125pt x 263.48438pt
>
File: ./figures/experiments/well_balanced_SPH.png Graphic file (type png)
<use ./figures/experiments/well_balanced_SPH.png>
Package luatex.def Info: ./figures/experiments/well_balanced_SPH.png  used on i
nput line 178.
(luatex.def)             Requested size: 320.0pt x 112.00148pt.
<./figures/experiments/well_balanced_PTH.png, id=1872, 752.8125pt x 263.48438pt
>
File: ./figures/experiments/well_balanced_PTH.png Graphic file (type png)
<use ./figures/experiments/well_balanced_PTH.png>
Package luatex.def Info: ./figures/experiments/well_balanced_PTH.png  used on i
nput line 187.
(luatex.def)             Requested size: 320.0pt x 112.00148pt.

Underfull \vbox (badness 10000) has occurred while \output is active []



[94<./figures/experiments/standard_SPH.png><./figures/experiments/standard_PTH.p
ng>]
<./figures/experiments/wave_PTH_0035.png, id=1886, 752.8125pt x 338.76563pt>
File: ./figures/experiments/wave_PTH_0035.png Graphic file (type png)
<use ./figures/experiments/wave_PTH_0035.png>
Package luatex.def Info: ./figures/experiments/wave_PTH_0035.png  used on input
 line 207.
(luatex.def)             Requested size: 160.0pt x 72.00095pt.
<./figures/experiments/wave_PTH_0040.png, id=1887, 752.8125pt x 338.76563pt>
File: ./figures/experiments/wave_PTH_0040.png Graphic file (type png)
<use ./figures/experiments/wave_PTH_0040.png>
Package luatex.def Info: ./figures/experiments/wave_PTH_0040.png  used on input
 line 213.
(luatex.def)             Requested size: 160.0pt x 72.00095pt.
<./figures/experiments/wave_PTH_0045.png, id=1888, 752.8125pt x 338.76563pt>
File: ./figures/experiments/wave_PTH_0045.png Graphic file (type png)
<use ./figures/experiments/wave_PTH_0045.png>
Package luatex.def Info: ./figures/experiments/wave_PTH_0045.png  used on input
 line 222.
(luatex.def)             Requested size: 160.0pt x 72.00095pt.
<./figures/experiments/wave_PTH_0050.png, id=1889, 752.8125pt x 338.76563pt>
File: ./figures/experiments/wave_PTH_0050.png Graphic file (type png)
<use ./figures/experiments/wave_PTH_0050.png>
Package luatex.def Info: ./figures/experiments/wave_PTH_0050.png  used on input
 line 228.
(luatex.def)             Requested size: 160.0pt x 72.00095pt.
<./figures/experiments/wave_PTH_0055.png, id=1890, 752.8125pt x 338.76563pt>
File: ./figures/experiments/wave_PTH_0055.png Graphic file (type png)
<use ./figures/experiments/wave_PTH_0055.png>
Package luatex.def Info: ./figures/experiments/wave_PTH_0055.png  used on input
 line 237.
(luatex.def)             Requested size: 160.0pt x 72.00095pt.
<./figures/experiments/wave_PTH_0060.png, id=1891, 752.8125pt x 338.76563pt>
File: ./figures/experiments/wave_PTH_0060.png Graphic file (type png)
<use ./figures/experiments/wave_PTH_0060.png>
Package luatex.def Info: ./figures/experiments/wave_PTH_0060.png  used on input
 line 243.
(luatex.def)             Requested size: 160.0pt x 72.00095pt.

Underfull \vbox (badness 5189) has occurred while \output is active []



[95<./figures/experiments/well_balanced_SPH.png><./figures/experiments/well_bala
nced_PTH.png>]
<./figures/experiments/wave_SPH_0030.png, id=1907, 752.8125pt x 338.76563pt>
File: ./figures/experiments/wave_SPH_0030.png Graphic file (type png)
<use ./figures/experiments/wave_SPH_0030.png>
Package luatex.def Info: ./figures/experiments/wave_SPH_0030.png  used on input
 line 261.
(luatex.def)             Requested size: 160.0pt x 72.00095pt.
<./figures/experiments/wave_SPH_0035.png, id=1908, 752.8125pt x 338.76563pt>
File: ./figures/experiments/wave_SPH_0035.png Graphic file (type png)
<use ./figures/experiments/wave_SPH_0035.png>
Package luatex.def Info: ./figures/experiments/wave_SPH_0035.png  used on input
 line 267.
(luatex.def)             Requested size: 160.0pt x 72.00095pt.
<./figures/experiments/wave_SPH_0040.png, id=1909, 752.8125pt x 338.76563pt>
File: ./figures/experiments/wave_SPH_0040.png Graphic file (type png)
<use ./figures/experiments/wave_SPH_0040.png>
Package luatex.def Info: ./figures/experiments/wave_SPH_0040.png  used on input
 line 276.
(luatex.def)             Requested size: 160.0pt x 72.00095pt.
<./figures/experiments/wave_SPH_0045.png, id=1910, 752.8125pt x 338.76563pt>
File: ./figures/experiments/wave_SPH_0045.png Graphic file (type png)
<use ./figures/experiments/wave_SPH_0045.png>
Package luatex.def Info: ./figures/experiments/wave_SPH_0045.png  used on input
 line 282.
(luatex.def)             Requested size: 160.0pt x 72.00095pt.
<./figures/experiments/wave_SPH_0050.png, id=1911, 752.8125pt x 338.76563pt>
File: ./figures/experiments/wave_SPH_0050.png Graphic file (type png)
<use ./figures/experiments/wave_SPH_0050.png>
Package luatex.def Info: ./figures/experiments/wave_SPH_0050.png  used on input
 line 291.
(luatex.def)             Requested size: 160.0pt x 72.00095pt.
<./figures/experiments/wave_SPH_0055.png, id=1912, 752.8125pt x 338.76563pt>
File: ./figures/experiments/wave_SPH_0055.png Graphic file (type png)
<use ./figures/experiments/wave_SPH_0055.png>
Package luatex.def Info: ./figures/experiments/wave_SPH_0055.png  used on input
 line 297.
(luatex.def)             Requested size: 160.0pt x 72.00095pt.

Underfull \vbox (badness 6252) has occurred while \output is active []



[96<./figures/experiments/wave_PTH_0035.png><./figures/experiments/wave_PTH_0040
.png><./figures/experiments/wave_PTH_0045.png><./figures/experiments/wave_PTH_00
50.png><./figures/experiments/wave_PTH_0055.png><./figures/experiments/wave_PTH_
0060.png>]
<./figures/experiments/crash_SPH_0062.png, id=1933, 903.375pt x 376.40625pt>
File: ./figures/experiments/crash_SPH_0062.png Graphic file (type png)
<use ./figures/experiments/crash_SPH_0062.png>
Package luatex.def Info: ./figures/experiments/crash_SPH_0062.png  used on inpu
t line 315.
(luatex.def)             Requested size: 320.0pt x 133.3351pt.
<./figures/experiments/crash_SPH_0064.png, id=1934, 903.375pt x 376.40625pt>
File: ./figures/experiments/crash_SPH_0064.png Graphic file (type png)
<use ./figures/experiments/crash_SPH_0064.png>
Package luatex.def Info: ./figures/experiments/crash_SPH_0064.png  used on inpu
t line 324.
(luatex.def)             Requested size: 320.0pt x 133.3351pt.

Underfull \vbox (badness 10000) has occurred while \output is active []



[97<./figures/experiments/wave_SPH_0030.png><./figures/experiments/wave_SPH_0035
.png><./figures/experiments/wave_SPH_0040.png><./figures/experiments/wave_SPH_00
45.png><./figures/experiments/wave_SPH_0050.png><./figures/experiments/wave_SPH_
0055.png>]
<./figures/experiments/crash_PTH_0057.png, id=1954, 903.375pt x 376.40625pt>
File: ./figures/experiments/crash_PTH_0057.png Graphic file (type png)
<use ./figures/experiments/crash_PTH_0057.png>
Package luatex.def Info: ./figures/experiments/crash_PTH_0057.png  used on inpu
t line 338.
(luatex.def)             Requested size: 320.0pt x 133.3351pt.
<./figures/experiments/crash_PTH_0060.png, id=1955, 903.375pt x 376.40625pt>
File: ./figures/experiments/crash_PTH_0060.png Graphic file (type png)
<use ./figures/experiments/crash_PTH_0060.png>
Package luatex.def Info: ./figures/experiments/crash_PTH_0060.png  used on inpu
t line 347.
(luatex.def)             Requested size: 320.0pt x 133.3351pt.

Underfull \vbox (badness 10000) has occurred while \output is active []



[98<./figures/experiments/crash_SPH_0062.png><./figures/experiments/crash_SPH_00
64.png>]

[99<./figures/experiments/crash_PTH_0057.png><./figures/experiments/crash_PTH_00
60.png>])

[100]
*geometry* verbose mode - [ newgeometry ] result:
* driver: luatex
* paper: custom
* layout: <same size as paper>
* layoutoffset:(h,v)=(0.0pt,0.0pt)
* hratio: 1:1
* modes: includehead 
* h-part:(L,W,R)=(92.47145pt, 412.56496pt, 92.47147pt)
* v-part:(T,H,B)=(72.0pt, 703.0pt, 70.04684pt)
* \paperwidth=597.50787pt
* \paperheight=845.04684pt
* \textwidth=412.56496pt
* \textheight=650.0pt
* \oddsidemargin=20.20146pt
* \evensidemargin=20.20146pt
* \topmargin=-0.26999pt
* \headheight=28.0pt
* \headsep=25.0pt
* \topskip=12.0pt
* \footskip=40.0pt
* \marginparwidth=0.0pt
* \marginparsep=0.0pt
* \columnsep=10.0pt
* \skip\footins=10.8pt plus 4.0pt minus 2.0pt
* \hoffset=0.0pt
* \voffset=0.0pt
* \mag=1000
* \@twocolumnfalse
* \@twosidefalse
* \@mparswitchfalse
* \@reversemarginfalse
* (1in=72.27pt=25.4mm, 1cm=28.453pt)

 (./chapters/summary.tex

[101


])

[102]

Package biblatex Warning: No driver for 'artwork'.
(biblatex)                Using fallback driver on input line 49.



[103

]

Package biblatex Warning: No driver for 'artwork'.
(biblatex)                Using fallback driver on input line 49.



[104]

[105]

[106]

[107]

[108]

[109]

[110]

[111]

[112]
runsystem(latexminted cleantemp  --timestamp 20260906213253Z FAD58DE7366495DB465
0CFEFAC2FCD61)...failed. 
 (./build/main.aux)
 ***********
LaTeX2e <2024-11-01> patch level 2
L3 programming layer <2025-01-18>
 ***********
Package logreq Info: Writing requests to 'main.run.xml'.

\openout1 = main.run.xml
)

Here is how much of LuaTeX's memory you used:
 83555 strings out of 475512
 244374,4921788 words of node,token memory allocated
 81609 words of node memory still in use:
   1129 hlist, 130 vlist, 50 rule, 351 disc, 45 local_par, 269 math, 1567 glue, 
439 kern, 175 penalty, 105 margin_kern, 4410 glyph, 3713 attribute, 116 glue_spe
c, 3713 attribute_list, 18 write, 858 pdf_literal, 10 pdf_start_link, 10 pdf_end
_link, 18 pdf_action, 118 pdf_colorstack, 1 pdf_setmatrix, 1 pdf_save, 1 pdf_res
tore nodes
   avail lists: 1:23,2:8383,3:5387,4:651,5:753,6:295,7:8999,8:120,9:2527,10:59,1
1:692,12:15
 101794 multiletter control sequences out of 65536+600000
 181 fonts using 14121983 bytes
 109i,21n,166p,4410b,3714s stack positions out of 10000i,1000n,20000p,200000b,200000s
</usr/local/texlive/2024/texmf-dist/fonts/opentype/public/lm/lmroman7-regular.ot
f></usr/local/texlive/2024/texmf-dist/fonts/opentype/public/lm/lmroman8-italic.o
tf></usr/local/texlive/2024/texmf-dist/fonts/opentype/public/lm/lmmono10-italic.
otf></usr/local/texlive/2024/texmf-dist/fonts/opentype/public/lm/lmromancaps10-r
egular.otf>{/usr/local/texlive/2024/texmf-dist/fonts/enc/dvips/lm/lm-mathsy.enc}
{/usr/local/texlive/2024/texmf-dist/fonts/enc/dvips/lm/lm-rm.enc}</usr/local/tex
live/2024/texmf-dist/fonts/opentype/public/lm/lmmono10-regular.otf></usr/local/t
exlive/2024/texmf-dist/fonts/opentype/public/lm/lmromanslant10-regular.otf>{/usr
/local/texlive/2024/texmf-dist/fonts/enc/dvips/lm/lm-mathit.enc}</usr/local/texl
ive/2024/texmf-dist/fonts/opentype/public/lm/lmroman12-italic.otf>{/usr/local/te
xlive/2024/texmf-dist/fonts/enc/dvips/lm/lm-mathex.enc}</usr/local/texlive/2024/
texmf-dist/fonts/opentype/public/lm/lmsans8-regular.otf></usr/local/texlive/2024
/texmf-dist/fonts/opentype/public/lm/lmmono12-regular.otf></usr/local/texlive/20
24/texmf-dist/fonts/opentype/public/lm/lmroman8-regular.otf></usr/local/texlive/
2024/texmf-dist/fonts/opentype/public/lm/lmmono8-regular.otf>{/usr/local/texlive
/2024/texmf-dist/fonts/enc/dvips/tex-gyre/q-ec.enc}</usr/local/texlive/2024/texm
f-dist/fonts/opentype/public/lm/lmsans10-regular.otf></usr/local/texlive/2024/te
xmf-dist/fonts/opentype/public/lm/lmromanslant12-regular.otf></usr/local/texlive
/2024/texmf-dist/fonts/opentype/public/lm/lmsans12-oblique.otf></usr/local/texli
ve/2024/texmf-dist/fonts/opentype/public/lm/lmsans10-bold.otf></usr/local/texliv
e/2024/texmf-dist/fonts/opentype/public/lm/lmroman10-regular.otf></usr/local/tex
live/2024/texmf-dist/fonts/opentype/public/lm/lmroman12-regular.otf></usr/local/
texlive/2024/texmf-dist/fonts/opentype/public/lm/lmsans12-regular.otf></usr/loca
l/texlive/2024/texmf-dist/fonts/opentype/public/lm/lmroman12-bold.otf></usr/loca
l/texlive/2024/texmf-dist/fonts/opentype/public/lm/lmroman17-regular.otf></usr/l
ocal/texlive/2024/texmf-dist/fonts/opentype/public/lm/lmsans17-regular.otf></usr
/local/texlive/2024/texmf-dist/fonts/type1/public/lm/lmbsy7.pfb></usr/local/texl
ive/2024/texmf-dist/fonts/type1/public/lm/lmbx10.pfb></usr/local/texlive/2024/te
xmf-dist/fonts/type1/public/lm/lmbx12.pfb></usr/local/texlive/2024/texmf-dist/fo
nts/type1/public/lm/lmbx8.pfb></usr/local/texlive/2024/texmf-dist/fonts/type1/pu
blic/lm/lmex10.pfb></usr/local/texlive/2024/texmf-dist/fonts/type1/public/lm/lmm
i10.pfb></usr/local/texlive/2024/texmf-dist/fonts/type1/public/lm/lmmi12.pfb></u
sr/local/texlive/2024/texmf-dist/fonts/type1/public/lm/lmmi6.pfb></usr/local/tex
live/2024/texmf-dist/fonts/type1/public/lm/lmmi7.pfb></usr/local/texlive/2024/te
xmf-dist/fonts/type1/public/lm/lmmi8.pfb></usr/local/texlive/2024/texmf-dist/fon
ts/type1/public/lm/lmr10.pfb></usr/local/texlive/2024/texmf-dist/fonts/type1/pub
lic/lm/lmr12.pfb></usr/local/texlive/2024/texmf-dist/fonts/type1/public/lm/lmr6.
pfb></usr/local/texlive/2024/texmf-dist/fonts/type1/public/lm/lmr7.pfb></usr/loc
al/texlive/2024/texmf-dist/fonts/type1/public/lm/lmr8.pfb></usr/local/texlive/20
24/texmf-dist/fonts/type1/public/lm/lmsy10.pfb></usr/local/texlive/2024/texmf-di
st/fonts/type1/public/lm/lmsy6.pfb></usr/local/texlive/2024/texmf-dist/fonts/typ
e1/public/lm/lmsy7.pfb></usr/local/texlive/2024/texmf-dist/fonts/type1/public/lm
/lmsy8.pfb></usr/local/texlive/2024/texmf-dist/fonts/type1/public/amsfonts/symbo
ls/msam10.pfb></usr/local/texlive/2024/texmf-dist/fonts/type1/public/tex-gyre/qz
cmi.pfb></usr/local/texlive/2024/texmf-dist/fonts/type1/public/boondox/zxxrl8a.p
fb>
Output written on main.pdf (120 pages, 55062623 bytes).

PDF statistics: 2744 PDF objects out of 2984 (max. 8388607)
 1872 compressed objects within 19 object streams
 610 named destinations out of 1000 (max. 131072)
 854 words of extra memory for PDF output out of 10000 (max. 100000000)

